Name,Season,TB,xTB,BB,xBB,AB,xAB,H,xH,SB,xSB,CS,xCS,MB,xMB
Trea Turner,2025.0,269.0,262.039026249901,43.0,41.34301295377808,589.0,597.6640144457713,179.0,167.1386396213416,36.0,37.490713715502864,7.0,7.3745509059166645,99.0,90.0
Victor Scott II,2025.0,118.0,139.29070655569015,42.0,37.446930636224565,398.0,388.5455675489048,86.0,96.64781686797808,34.0,26.598027308074407,4.0,5.652077226989567,40.0,49.0
Bobby Witt Jr.,2025.0,312.0,321.10803045484465,49.0,46.552468246197996,623.0,625.745910261076,184.0,184.8432988684615,38.0,35.37485429521945,9.0,7.019054038705358,111.0,114.0
Byron Buxton,2025.0,269.0,252.70053031918468,41.0,42.29849101350937,488.0,486.63291288768903,129.0,131.94353212638495,24.0,23.089898173217282,0.0,5.056837468432145,92.0,89.0
Derek Hill,2025.0,44.0,46.676094151980195,9.0,4.8264659482351995,134.0,146.0474411871847,29.0,38.633490768477834,7.0,8.230786716513983,0.0,2.042175407099827,13.0,15.0
Johan Rojas,2025.0,44.0,47.00234183061228,13.0,4.731346540236828,152.0,171.47405772524874,34.0,38.78063918023154,12.0,9.021726909181089,2.0,2.1996196161564696,14.0,13.0
Brandon Lockridge,2025.0,40.0,40.882954400626204,8.0,0.0,134.0,165.95141399265367,31.0,41.858164609577564,10.0,8.917176938441507,1.0,2.17544699991017,12.0,12.0
Eli White,2025.0,104.0,102.34724772613316,11.0,9.772030953658899,256.0,255.85232586741915,60.0,66.96533778622887,10.0,10.639321146509866,1.0,2.583949671554215,29.0,31.0
Jake McCarthy,2025.0,71.0,81.30202238094172,10.0,14.500999471280402,206.0,213.01674439697723,42.0,51.18657347913404,6.0,10.161035820504718,0.0,2.490524486893793,18.0,25.0
Bryce Teodosio,2025.0,42.0,43.01670089761703,5.0,0.0,138.0,176.42571787291806,28.0,33.37488795237099,7.0,8.037213139132147,1.0,2.01080931824683,10.0,9.0
Corbin Carroll,2025.0,305.0,286.6535878061983,67.0,54.2086636683819,564.0,581.0274378936134,146.0,161.17538687988747,32.0,30.059796966704152,6.0,6.546198328897262,106.0,101.0
,,,,,,,,,,,,,,,
,,,,,,,,,,,,,,,
,,,,,,,,,,,,,,,
,,,,,,,,,,,,,,,
,,,,,,,,,,,,,,,
,,,,,,,,,,,,,,,
Chandler Simpson,2025.0,143.0,122.94220046382763,20.0,16.28257293577478,414.0,380.71258913850437,122.0,111.69508247987952,44.0,23.760357044331343,12.0,4.997348372277917,51.0,44.0
Tyler Fitzgerald,2025.0,71.0,72.07034846118088,17.0,9.774189485245433,217.0,237.7617909072799,47.0,47.827696145285856,9.0,8.923935405512134,4.0,2.3147952978560817,19.0,17.0
,,,,,,,,,,,,,,,
Denzel Clarke,2025.0,55.0,37.44068342247175,6.0,12.059754639701307,148.0,140.02114960241812,34.0,28.533924867949864,6.0,7.279274907779914,0.0,1.8867805819724663,15.0,11.0
Pete Crow-Armstrong,2025.0,284.0,274.0609467035282,29.0,38.75716989089021,591.0,583.0228755691168,146.0,158.0958282018842,35.0,22.985520014168397,8.0,5.267511504948774,82.0,90.0
Brenton Doyle,2025.0,189.0,220.76136041207945,30.0,38.86189152782597,502.0,471.34139939455065,117.0,125.71902093791633,18.0,16.068438575990836,2.0,3.886227741562511,55.0,74.0
,,,,,,,,,,,,,,,
Edmundo Sosa,2025.0,114.0,92.17007314336499,10.0,0.0,243.0,267.76194936215757,67.0,70.91352815922005,1.0,8.415546915749866,1.0,2.1423290948984994,34.0,24.0
Michael Helman,2025.0,45.0,58.490000873348095,7.0,0.0,99.0,131.18393556444602,23.0,12.218325446849974,4.0,5.918963224848045,0.0,1.5766155537880635,14.0,6.0
Otto Kemp,2025.0,81.0,82.23914266201893,12.0,15.049866994123676,197.0,192.03998721401905,46.0,42.513873185319014,2.0,6.823771669103336,2.0,1.8479754115774363,22.0,22.0
Jonatan Clase,2025.0,30.0,35.84412069189044,10.0,14.17175337601466,100.0,92.67185264984647,21.0,8.182102875719792,3.0,6.2024693998277804,1.0,1.6376011956854843,9.0,8.0
Myles Straw,2025.0,98.0,101.07930753523038,19.0,14.122257156947725,267.0,273.78666253059396,70.0,78.64347394221534,12.0,11.316886199886417,1.0,2.777790259433349,33.0,35.0
,,,,,,,,,,,,,,,
Cam Smith,2025.0,158.0,173.78531181901414,43.0,39.43820687009675,441.0,463.4245821841425,104.0,114.98244450974858,8.0,16.03898873548654,1.0,4.111453241937965,49.0,55.0
David Hamilton,2025.0,59.0,68.34327277640392,13.0,15.470112611248222,177.0,171.06983619096013,35.0,44.74343396161508,22.0,9.06803808266276,6.0,2.252291196671211,16.0,24.0
,,,,,,,,,,,,,,,
,,,,,,,,,,,,,,,
Jacob Young,2025.0,93.0,116.53729218389033,27.0,29.337491695958093,324.0,319.91004277426987,75.0,84.11860691352065,15.0,11.811857497234325,11.0,2.9311972765111047,26.0,36.0
Lane Thomas,2025.0,34.0,38.65108821481715,14.0,13.326715646555908,125.0,118.44270594539762,20.0,6.871175417799577,4.0,5.763312827591593,1.0,1.5916953871852302,9.0,6.0
Will Benson,2025.0,100.0,115.78514972472861,16.0,21.677133676534613,230.0,217.08351836368243,52.0,51.37889056005507,2.0,6.957892314231156,2.0,1.8470653474225933,27.0,35.0
,,,,,,,,,,,,,,,
Tyrone Taylor,2025.0,99.0,107.88314052058334,16.0,13.92146319666075,310.0,308.1534283318444,69.0,76.36237401123613,12.0,8.85791374387061,2.0,2.3755884760483026,27.0,32.0
,,,,,,,,,,,,,,,
Oswald Peraza,2025.0,61.0,82.37606983289403,17.0,14.089380094843921,244.0,245.98772507002786,40.0,48.41234217393282,9.0,7.900832251367187,0.0,2.1095157200772405,15.0,21.0
Matt McLain,2025.0,175.0,203.9784723679228,55.0,52.16729737681334,510.0,515.5909150339812,112.0,121.71505008121574,18.0,21.59686795311018,2.0,5.4031527509206505,55.0,65.0
Jackson Chourio,2025.0,254.0,244.7818199753376,30.0,31.892635006972572,549.0,534.8997709213085,148.0,149.15334262112722,21.0,18.816582124270603,7.0,4.334285382626375,78.0,79.0
Oneil Cruz,2025.0,178.0,238.66733095856304,64.0,59.666120534685575,471.0,473.95182943904723,94.0,121.14626293430936,38.0,19.339777925463423,5.0,4.658385504868713,58.0,87.0
Ryan Ritter,2025.0,63.0,45.70083924693918,10.0,5.616690755642743,187.0,205.02418347432925,45.0,42.21489224405221,3.0,6.874642357017405,1.0,1.865361619115545,18.0,11.0
,,,,,,,,,,,,,,,
Daylen Lile,2025.0,160.0,137.55955980816276,21.0,24.34584725403718,321.0,324.9249550996269,96.0,94.25238319724275,8.0,9.613288585358328,6.0,2.477556711927293,53.0,45.0
,,,,,,,,,,,,,,,
Christian Koss,2025.0,64.0,62.362156492153176,9.0,1.8383185139968212,174.0,178.9606274158122,46.0,44.120886376000996,4.0,5.828529440074331,1.0,1.6000982083208968,20.0,16.0
Ceddanne Rafaela,2025.0,226.0,236.3283259873783,28.0,31.016323492350807,546.0,542.1544118511797,136.0,143.25558871387838,20.0,16.547646109400752,5.0,4.132190132014087,66.0,73.0
Jarren Duran,2025.0,274.0,281.4329723946776,60.0,57.02807740341417,620.0,609.3211740782352,159.0,163.85799459296786,24.0,21.3539138966517,6.0,5.3203505829926305,90.0,95.0
Blake Perkins,2025.0,54.0,44.2511520135254,15.0,19.930891204207583,155.0,136.7451670467613,35.0,26.567474707228058,7.0,7.233393446629358,2.0,1.8984440487606125,16.0,14.0
,,,,,,,,,,,,,,,
Braxton Fulford,2025.0,35.0,26.26608217049943,7.0,6.769569457743859,108.0,108.07963511809041,23.0,11.530753879581113,1.0,5.175200194231652,0.0,1.43329398021966,9.0,4.0
Jake Mangum,2025.0,149.0,150.57500628184957,19.0,4.948597283999373,405.0,413.87425673184805,120.0,117.35198163489159,27.0,13.111626548806493,6.0,3.126805614797322,52.0,46.0
Elly De La Cruz,2025.0,277.0,273.6495612131365,67.0,59.06368657393432,629.0,611.224937591663,166.0,158.45228377824054,37.0,24.435103068637673,8.0,5.904549033519946,97.0,93.0
Evan Carter,2025.0,76.0,72.94922773938237,19.0,18.849819669082716,194.0,189.2353799799056,48.0,44.552660600544584,14.0,8.003974112670537,2.0,2.0460916677958005,26.0,24.0
Parker Meadows,2025.0,63.0,67.95117108133061,21.0,21.30291437341842,191.0,193.80696240536096,41.0,45.08694331001974,4.0,7.242586879749664,0.0,1.9585238032931935,19.0,22.0
Matt Shaw,2025.0,155.0,152.3098274500282,38.0,32.147809511573975,393.0,393.65023687827363,89.0,96.20669145831265,17.0,12.32042883891144,5.0,3.3175969794536946,47.0,47.0
Luis Robert Jr.,2025.0,139.0,161.6554771343661,40.0,31.518541664310042,382.0,366.2063567256521,85.0,91.5080241968269,33.0,10.37756776952851,8.0,2.710575172262208,44.0,52.0
,,,,,,,,,,,,,,,
Kyren Paris,2025.0,48.0,50.97891531649404,10.0,12.749385976019557,126.0,103.82402494843498,24.0,5.721684270341839,7.0,4.9791116749575455,1.0,1.4150394975188927,13.0,8.0
Noelvi Marte,2025.0,152.0,137.17123923887274,16.0,21.4263654926018,339.0,315.68645949248287,89.0,80.19722324638114,10.0,8.273182687154225,3.0,2.242509071050621,45.0,42.0
Jordan Westburg,2025.0,150.0,147.19588325138278,17.0,26.17888323852202,328.0,310.30201299567943,87.0,75.93399212304483,1.0,8.99743998348075,2.0,2.3680287230286057,44.0,44.0
Dylan Crews,2025.0,103.0,121.69555570498852,24.0,24.296855837748126,293.0,272.70442258922077,61.0,66.33288110110196,17.0,8.322345784873418,5.0,2.2184007867398847,29.0,38.0
,,,,,,,,,,,,,,,
,,,,,,,,,,,,,,,
,,,,,,,,,,,,,,,
Sam Haggerty,2025.0,60.0,41.77502850204921,16.0,11.340009708094389,162.0,159.68295913274306,41.0,33.062772458435475,12.0,5.741388580916326,4.0,1.56254761718151,20.0,12.0
Dylan Beavers,2025.0,44.0,64.08563113320146,26.0,29.691427520323927,110.0,109.04440589595652,25.0,28.238273399466507,2.0,6.572316539719119,2.0,1.765033702557363,16.0,26.0
Brice Turang,2025.0,254.0,275.5232871877896,66.0,63.69426872859573,584.0,623.1217043670865,168.0,168.97449943801496,24.0,24.970677721765988,8.0,6.092004760545351,93.0,95.0
Wyatt Langford,2025.0,211.0,239.87910813973795,74.0,61.223285507519876,489.0,508.3089585224935,118.0,132.49765521224631,22.0,16.963088099478917,6.0,4.393047986251149,74.0,83.0
,,,,,,,,,,,,,,,
John Rave,2025.0,47.0,50.48182791415168,18.0,21.079729046390234,153.0,150.3735273975742,30.0,30.625702908578617,7.0,7.1162688558815566,2.0,1.868084583011508,14.0,16.0
,,,,,,,,,,,,,,,
Nick Gonzales,2025.0,138.0,151.94584261474887,21.0,20.60585313126507,381.0,368.6209328181464,99.0,98.84751107871558,0.0,8.590347726411615,2.0,2.3134953320209077,40.0,46.0
Sal Frelick,2025.0,214.0,199.82543757633152,47.0,50.295871741808014,528.0,520.1884046308945,152.0,134.96624890100176,19.0,22.42145053839184,6.0,5.473660031166296,76.0,66.0
,,,,,,,,,,,,,,,
,,,,,,,,,,,,,,,
Ezequiel Duran,2025.0,60.0,62.46729631064929,8.0,6.504458142170737,205.0,216.90580504389297,46.0,47.32093976850613,11.0,6.109308309352063,2.0,1.704017375355562,16.0,16.0
,,,,,,,,,,,,,,,
Blaze Alexander,2025.0,88.0,100.9722350269784,22.0,25.162215896590446,230.0,227.0560079684926,53.0,56.66836193495617,4.0,7.1077305909987105,6.0,1.9645592019026503,24.0,30.0
Bryson Stott,2025.0,195.0,202.7278749484139,54.0,57.51754053422361,499.0,530.6854642485613,128.0,130.39176283783775,24.0,23.276414419638126,5.0,5.898992177281964,67.0,68.0
Connor Norby,2025.0,121.0,127.18334740057375,18.0,21.341739273592005,311.0,304.32839842058877,78.0,77.35003655631347,8.0,7.458103092644876,2.0,2.0882977229717423,36.0,39.0
Leody Taveras,2025.0,52.0,63.34308773175768,5.0,4.716957005238125,171.0,181.866314129005,35.0,38.18711458280809,9.0,6.1484571274977595,3.0,1.666510529859279,12.0,15.0
,,,,,,,,,,,,,,,
Harrison Bader,2025.0,201.0,186.52710333304188,39.0,39.30864489325505,448.0,442.2533926933787,124.0,109.57785443475004,11.0,14.741945832794048,7.0,3.7254553015932332,66.0,56.0
Jared Triolo,2025.0,118.0,135.59521348791876,39.0,39.0,331.0,331.0,75.0,75.0,13.0,,2.0,,38.0,44.0
Joey Ortiz,2025.0,149.0,175.4187193349386,27.0,28.3556745101616,470.0,455.558735710591,108.0,113.8010805359138,14.0,12.3350213419542,3.0,3.2635077570900237,42.0,53.0
Luke Keaschall,2025.0,81.0,72.23133725227757,19.0,23.249243946313303,182.0,169.74334646304635,55.0,45.876177565526774,14.0,6.220073860271645,3.0,1.7087011467353639,32.0,28.0
Hyeseong Kim,2025.0,62.0,41.54508238997502,7.0,7.0,161.0,161.0,45.0,45.0,13.0,,1.0,,21.0,15.0
,,,,,,,,,,,,,,,
,,,,,,,,,,,,,,,
Luke Raley,2025.0,57.0,75.6980233164332,19.0,21.7562661674734,183.0,189.0382460010571,37.0,33.56308020109401,2.0,6.062860866705554,1.0,1.6916618546305398,16.0,20.0
,,,,,,,,,,,,,,,
,,,,,,,,,,,,,,,
,,,,,,,,,,,,,,,
Jordan Beck,2025.0,224.0,213.0231670204497,43.0,51.304810350644225,539.0,517.8551779636535,139.0,125.12824609074781,19.0,15.113463219921215,8.0,4.161382070147497,70.0,66.0
Jordan Walker,2025.0,111.0,148.99467414974643,29.0,32.31919536632291,363.0,350.47899266715655,78.0,78.72630001459986,10.0,8.551939298866754,3.0,2.3729904712729843,31.0,44.0
,,,,,,,,,,,,,,,
Ernie Clement,2025.0,217.0,192.8649437607416,27.0,27.19570401002725,545.0,477.11578372940556,151.0,130.26957429886357,6.0,12.115039346395006,5.0,3.22014310326258,66.0,59.0
Fernando Tatis Jr.,2025.0,265.0,308.9686250691236,89.0,67.82438770171652,594.0,609.0929223064043,159.0,168.54010101537202,32.0,16.188294223001,7.0,4.198318674077566,100.0,111.0
Colby Thomas,2025.0,50.0,44.40981378900902,7.0,0.0,120.0,132.69283119892384,27.0,22.02753520718494,2.0,4.747533416936759,1.0,1.329303544651142,13.0,7.0
Brooks Baldwin,2025.0,122.0,135.7485184033169,21.0,23.954837936537903,300.0,299.55227352381814,72.0,75.80849369259013,5.0,7.517220191129571,0.0,2.0783156683803257,36.0,43.0
Trevor Story,2025.0,265.0,269.7262912858783,33.0,43.75170592475315,612.0,599.1898056099927,161.0,156.22617442417467,31.0,14.408872350894194,1.0,3.890681739206357,86.0,90.0
Nico Hoerner,2025.0,236.0,233.52470202537518,39.0,38.7311115440149,599.0,563.6764227605169,178.0,153.21727156424157,29.0,14.668847232784168,6.0,3.9170155503398405,84.0,78.0
Jackson Holliday,2025.0,220.0,251.3029439636296,56.0,56.52700794256453,586.0,562.9991854175785,142.0,146.58765947774648,17.0,16.64438987795554,11.0,4.383903211812903,66.0,80.0
Shea Langeliers,2025.0,258.0,229.90672469619915,36.0,36.0,481.0,481.0,133.0,133.0,7.0,,1.0,,85.0,76.0
Otto Lopez,2025.0,200.0,237.50786034710734,44.0,42.84850790236921,544.0,512.1262115785569,134.0,143.79913062234797,15.0,12.876548262616156,6.0,3.411537261611907,61.0,80.0
,,,,,,,,,,,,,,,
James Outman,2025.0,43.0,70.4171805291304,12.0,12.0,134.0,134.0,18.0,18.0,1.0,,0.0,,9.0,15.0
Joey Loperfido,2025.0,48.0,27.169976893042872,4.0,1.5405972328410478,96.0,106.20332951493344,32.0,28.500832655360938,1.0,4.256076211031616,2.0,1.212464657142502,16.0,7.0
Marcus Semien,2025.0,171.0,203.65437342125338,50.0,51.044525140174954,470.0,474.4219841001903,108.0,118.27494915768003,11.0,12.015924864055881,1.0,3.3371732786588666,54.0,68.0
Mickey Moniak,2025.0,225.0,203.89356126049324,22.0,25.058704487747974,434.0,404.88501681108767,117.0,112.71536479329129,9.0,8.382394642260296,3.0,2.296459304846605,69.0,65.0
,,,,,,,,,,,,,,,
Alejandro Osuna,2025.0,42.0,60.47493744889695,21.0,21.0,151.0,151.0,32.0,32.0,5.0,,4.0,,13.0,18.0
Tyler Freeman,2025.0,136.0,160.6888005813745,34.0,38.85386390082239,377.0,389.10363439573086,106.0,105.75907905099889,18.0,8.358284791335027,9.0,2.3463063002298807,46.0,54.0
Dansby Swanson,2025.0,246.0,275.37449780614304,47.0,56.32746360175494,590.0,585.1922073493122,144.0,157.11946309598943,20.0,15.657823748487912,3.0,4.1671605128302485,76.0,94.0
Jackson Merrill,2025.0,201.0,209.70722240511714,33.0,29.558055568953733,440.0,430.6970818825964,116.0,121.93263221984053,1.0,9.74807585073374,2.0,2.626464585698738,62.0,68.0
Miles Mastrobuoni,2025.0,45.0,46.079548016184106,17.0,17.0,152.0,152.0,38.0,38.0,6.0,,3.0,,15.0,15.0
Michael Harris II,2025.0,250.0,273.07142747666614,16.0,28.351269316812203,611.0,575.1634361076079,152.0,165.09538259157247,20.0,12.21422651418369,6.0,3.191821225024718,68.0,88.0
Gunnar Henderson,2025.0,253.0,275.05630357565764,62.0,55.04424466862913,577.0,587.3626496283348,158.0,163.25310643887275,30.0,16.642649094681577,5.0,4.258367749255572,91.0,98.0
,,,,,,,,,,,,,,,
Warming Bernabel,2025.0,57.0,42.79795965507185,7.0,7.0,139.0,139.0,35.0,35.0,1.0,,1.0,,16.0,12.0
,,,,,,,,,,,,,,,
Christian Moore,2025.0,60.0,54.67961211978336,19.0,19.0,162.0,162.0,32.0,32.0,3.0,,0.0,,17.0,16.0
Trey Sweeney,2025.0,86.0,109.27331391112281,26.0,26.0,296.0,296.0,58.0,58.0,3.0,,1.0,,23.0,29.0
,,,,,,,,,,,,,,,
,,,,,,,,,,,,,,,
Thomas Saggese,2025.0,94.0,97.57786080128068,16.0,16.0,275.0,275.0,71.0,71.0,3.0,,0.0,,29.0,30.0
Jake Fraley,2025.0,73.0,68.34313786339015,25.0,25.0,191.0,191.0,46.0,46.0,4.0,,3.0,,24.0,22.0
Cedric Mullins,2025.0,170.0,181.58958822539162,50.0,49.99555818616629,435.0,462.64814442586015,94.0,107.52919988198371,22.0,14.740850316513285,4.0,3.932905629292025,53.0,59.0
Masyn Winn,2025.0,178.0,200.25285943233118,34.0,48.12177923172469,491.0,503.0051093586077,124.0,126.94214643285942,9.0,14.705244784809102,5.0,3.988282087398867,53.0,63.0
Daulton Varsho,2025.0,136.0,127.66788680388765,17.0,20.730757957395582,248.0,230.18959877741167,59.0,54.58909084059421,2.0,6.551054700202189,0.0,1.8045693906347278,39.0,39.0
Tommy Edman,2025.0,132.0,139.4471618634603,19.0,19.0,346.0,346.0,78.0,78.0,3.0,,1.0,,35.0,37.0
Dane Myers,2025.0,100.0,121.94343189547125,23.0,23.0,307.0,307.0,72.0,72.0,18.0,,5.0,,30.0,36.0
,,,,,,,,,,,,,,,
Nick Loftin,2025.0,60.0,72.677277864551,14.0,14.0,168.0,168.0,35.0,35.0,1.0,,1.0,,16.0,19.0
,,,,,,,,,,,,,,,
Kameron Misner,2025.0,68.0,66.75735282902693,16.0,16.0,197.0,197.0,42.0,42.0,8.0,,1.0,,20.0,19.0
J.T. Realmuto,2025.0,193.0,226.6050774551468,35.0,35.0,502.0,502.0,129.0,129.0,8.0,,2.0,,60.0,70.0
Seiya Suzuki,2025.0,273.0,296.183466257599,71.0,71.54201085954875,571.0,592.8824272914621,140.0,157.69137954909064,5.0,17.384775026604327,2.0,4.700075343592371,90.0,102.0
Anthony Volpe,2025.0,211.0,240.40608090332574,43.0,52.98041800522046,539.0,538.9453779742322,114.0,134.18929124163304,18.0,14.100212440023668,8.0,3.882666455988088,56.0,76.0
Alek Thomas,2025.0,160.0,171.94055982213135,21.0,21.0,433.0,433.0,108.0,108.0,7.0,,4.0,,45.0,48.0
Romy Gonzalez,2025.0,152.0,152.1311814682697,18.0,19.913846182756213,315.0,313.24106680883926,96.0,90.48587266794007,6.0,6.224941154890748,5.0,1.723569380131345,50.0,49.0
,,,,,,,,,,,,,,,
Xavier Edwards,2025.0,198.0,204.87121809618276,49.0,50.085124444004364,561.0,525.7953926871176,159.0,144.31494316047662,27.0,15.576177737557135,7.0,4.12182530410795,71.0,72.0
Zach McKinstry,2025.0,198.0,174.89148890439733,46.0,46.0,452.0,452.0,117.0,117.0,19.0,,5.0,,66.0,59.0
,,,,,,,,,,,,,,,
Henry Davis,2025.0,70.0,116.43973793831452,18.0,18.0,252.0,252.0,42.0,42.0,2.0,,1.0,,16.0,26.0
Austin Martin,2025.0,57.0,60.30948276054576,22.0,30.561950154735033,156.0,146.90561030325242,44.0,40.25242685294736,11.0,4.913657246118173,4.0,1.4205737010711372,22.0,25.0
Jon Berti,2025.0,23.0,19.610075153825846,5.0,5.0,100.0,100.0,21.0,21.0,11.0,,3.0,,7.0,6.0
Tyler O'Neill,2025.0,71.0,104.61596443569806,22.0,22.0,181.0,181.0,36.0,36.0,4.0,,0.0,,21.0,31.0
Vinny Capra,2025.0,17.0,14.000787651135042,3.0,3.0,96.0,96.0,12.0,12.0,2.0,,0.0,,3.0,2.0
Cooper Hummel,2025.0,24.0,49.752873144613574,14.0,14.0,88.0,88.0,15.0,15.0,1.0,,0.0,,7.0,14.0
Brandon Marsh,2025.0,168.0,163.88597501348204,38.0,37.60862067051517,379.0,380.5309345946523,106.0,102.67884583488942,7.0,8.52486656311393,1.0,2.389654151747425,59.0,56.0
,,,,,,,,,,,,,,,
Max Schuemann,2025.0,50.0,64.18374930853709,22.0,22.0,183.0,183.0,36.0,36.0,7.0,,1.0,,15.0,19.0
,,,,,,,,,,,,,,,
Austin Riley,2025.0,178.0,203.29049567019888,27.0,27.0,416.0,416.0,108.0,108.0,2.0,,1.0,,54.0,62.0
,,,,,,,,,,,,,,,
Darell Hernaiz,2025.0,53.0,66.55092661922588,17.0,9.520794135016093,173.0,190.57623300566573,40.0,53.7251489861112,3.0,5.367350829086574,4.0,1.4984866522187545,15.0,20.0
Tim Tawa,2025.0,69.0,79.31352029650117,20.0,20.0,199.0,199.0,40.0,40.0,8.0,,2.0,,20.0,22.0
,,,,,,,,,,,,,,,
Willi Castro,2025.0,147.0,156.26799178088032,40.0,33.90553513155926,402.0,407.608493011915,91.0,100.52712689765872,10.0,9.924307780066764,4.0,2.7521610364141895,44.0,48.0
Cody Bellinger,2025.0,282.0,272.5341618149374,57.0,56.784090302819294,588.0,605.4025680418924,160.0,164.4495821260055,13.0,18.307512320795475,2.0,4.765790962882903,97.0,93.0
Taylor Walls,2025.0,90.0,102.85457862688115,26.0,26.0,282.0,282.0,62.0,62.0,14.0,,6.0,,26.0,29.0
Taylor Trammell,2025.0,39.0,37.7066726048228,17.0,16.62265142446774,117.0,104.59618160070426,23.0,8.59596511834657,3.0,4.908870749225953,2.0,1.3794825407843494,11.0,8.0
Jake Meyers,2025.0,128.0,136.84687923518123,31.0,31.0,343.0,343.0,100.0,100.0,16.0,,5.0,,46.0,49.0
Max Muncy,2025.0,147.0,167.76593346953226,64.0,64.0,313.0,313.0,76.0,76.0,4.0,,0.0,,56.0,63.0
Max Muncy,2025.0,78.0,84.09925403724372,10.0,10.0,206.0,206.0,44.0,44.0,1.0,,1.0,,19.0,21.0
Christian Yelich,2025.0,259.0,259.1064247802271,64.0,62.571150289902036,573.0,585.1272487235676,151.0,154.5068685006522,16.0,15.542787925563928,6.0,4.244752812398804,88.0,87.0
CJ Abrams,2025.0,251.0,246.6439352819952,37.0,44.47593019530822,580.0,552.9926433215363,149.0,146.86081564954685,31.0,13.461382393008144,3.0,3.6406117699020974,80.0,84.0
Jonathan India,2025.0,172.0,208.82912657569102,54.0,54.0,497.0,497.0,116.0,116.0,0.0,,4.0,,51.0,62.0
Robert Hassell III,2025.0,62.0,70.1852056654929,8.0,14.435616322919802,197.0,182.77043619958985,44.0,44.571450285290354,4.0,5.290355290513587,0.0,1.4914728958179635,16.0,22.0
Jung Hoo Lee,2025.0,228.0,227.01527635736335,47.0,47.0,560.0,560.0,149.0,149.0,10.0,,3.0,,74.0,74.0
Weston Wilson,2025.0,41.0,48.51625120741221,12.0,12.0,111.0,111.0,22.0,22.0,2.0,,3.0,,10.0,12.0
Caleb Durbin,2025.0,172.0,172.119605554998,30.0,30.0,445.0,445.0,114.0,114.0,18.0,,6.0,,53.0,53.0
Zach Dezenzo,2025.0,36.0,60.836644357058475,11.0,11.0,98.0,98.0,24.0,24.0,1.0,,0.0,,12.0,20.0
,,,,,,,,,,,,,,,
Ben Williamson,2025.0,86.0,96.57824987742461,15.0,15.0,277.0,277.0,70.0,70.0,5.0,,1.0,,26.0,29.0
Matt Chapman,2025.0,195.0,215.03892197575652,71.0,71.0,454.0,454.0,105.0,105.0,9.0,,4.0,,65.0,72.0
,,,,,,,,,,,,,,,
Jake Cronenworth,2025.0,158.0,185.84145931761844,69.0,69.0,419.0,419.0,103.0,103.0,3.0,,3.0,,55.0,65.0
Zach Neto,2025.0,238.0,238.56156860521267,33.0,33.0,502.0,502.0,129.0,129.0,26.0,,9.0,,72.0,72.0
,,,,,,,,,,,,,,,
Jakob Marsee,2025.0,100.0,86.61326432676812,22.0,26.1840682553819,209.0,191.2516189426743,61.0,48.0634566907547,14.0,5.141823189282919,6.0,1.4780045966980737,36.0,29.0
Tyler Wade,2025.0,27.0,36.20145183050637,15.0,15.0,107.0,107.0,22.0,22.0,1.0,,2.0,,8.0,10.0
Andy Pages,2025.0,268.0,245.38319449932538,29.0,29.0,581.0,581.0,158.0,158.0,14.0,,7.0,,81.0,74.0
Victor Robles,2025.0,35.0,46.31442592473314,3.0,0.0,106.0,157.19027061022086,26.0,38.775803127073225,6.0,4.0397480337121925,2.0,1.1600985163765436,10.0,12.0
Alexander Canario,2025.0,73.0,86.32852672406027,17.0,16.789764175575023,216.0,204.28546380791775,47.0,38.484982485296456,3.0,4.604256041021507,1.0,1.3796191983705586,20.0,22.0
Bryan Reynolds,2025.0,236.0,266.58546412389575,57.0,57.0,587.0,587.0,144.0,144.0,3.0,,2.0,,73.0,83.0
Jahmai Jones,2025.0,71.0,62.256290249433675,18.0,18.0,129.0,129.0,37.0,37.0,2.0,,0.0,,27.0,24.0
,,,,,,,,,,,,,,,
Josh Lowe,2025.0,145.0,160.2517488200346,33.0,33.0,396.0,396.0,87.0,87.0,18.0,,4.0,,42.0,46.0
Austin Slater,2025.0,55.0,70.25958905019839,11.0,12.1344972224467,148.0,148.85497587547854,32.0,38.85689775208965,1.0,4.137814391461263,0.0,1.2216552015806939,15.0,22.0
Javier Sanoja,2025.0,124.0,116.87470750405164,19.0,18.744970680502277,313.0,308.3037649316018,76.0,81.50017805494429,6.0,6.6368000196014245,5.0,1.8474786949615016,34.0,35.0
Zack Gelof,2025.0,25.0,24.204070071380386,7.0,9.305514070795201,92.0,81.25612354731032,16.0,4.146808053658972,1.0,4.03825508255303,2.0,1.1684077490725002,5.0,3.0
,,,,,,,,,,,,,,,
Shohei Ohtani,2025.0,380.0,356.72263075449087,109.0,78.35495723839045,611.0,636.4075018395333,172.0,176.64181181479375,20.0,17.703084565822405,6.0,4.65788834999722,149.0,128.0
George Springer,2025.0,279.0,270.60092355487893,69.0,69.0,498.0,498.0,154.0,154.0,18.0,,1.0,,114.0,111.0
Colt Keith,2025.0,171.0,186.62540698617218,48.0,42.65620350518263,414.0,411.8905775034358,106.0,110.84901079060069,1.0,9.076032138380882,1.0,2.5493107625852134,57.0,63.0
Spencer Steer,2025.0,209.0,205.08700138416057,51.0,51.0,509.0,509.0,121.0,121.0,7.0,,1.0,,65.0,64.0
Christopher Morel,2025.0,110.0,120.0022106512564,25.0,25.0,278.0,278.0,61.0,61.0,7.0,,2.0,,32.0,34.0
,,,,,,,,,,,,,,,
Nick Sogard,2025.0,33.0,29.471556942904726,5.0,5.0,96.0,96.0,25.0,25.0,2.0,,1.0,,10.0,9.0
Willy Adames,2025.0,249.0,273.53422063015313,80.0,80.0,591.0,591.0,133.0,133.0,12.0,,4.0,,80.0,87.0
,,,,,,,,,,,,,,,
Connor Wong,2025.0,40.0,54.32511235409284,16.0,16.0,168.0,168.0,32.0,32.0,2.0,,1.0,,11.0,14.0
Kody Clemens,2025.0,151.0,167.41824138174815,29.0,29.0,348.0,348.0,74.0,74.0,5.0,,1.0,,42.0,46.0
Gavin Lux,2025.0,167.0,171.85875304433532,56.0,56.0,446.0,446.0,120.0,120.0,1.0,,0.0,,59.0,60.0
Jack Suwinski,2025.0,38.0,70.46266221475713,24.0,24.0,150.0,150.0,22.0,22.0,7.0,,1.0,,11.0,19.0
,,,,,,,,,,,,,,,
Coby Mayo,2025.0,102.0,104.98755839093774,27.0,27.0,263.0,263.0,57.0,57.0,3.0,,0.0,,30.0,31.0
Jake Burger,2025.0,149.0,166.836415181579,12.0,12.0,356.0,356.0,84.0,84.0,1.0,,1.0,,39.0,43.0
,,,,,,,,,,,,,,,
Carson Williams,2025.0,35.0,30.867843274391916,6.0,6.0,99.0,99.0,17.0,17.0,2.0,,1.0,,8.0,7.0
Daniel Schneemann,2025.0,134.0,163.28943798243466,38.0,38.0,379.0,379.0,78.0,78.0,9.0,,3.0,,38.0,46.0
,,,,,,,,,,,,,,,
Jo Adell,2025.0,255.0,269.21389732901974,33.0,33.0,526.0,526.0,124.0,124.0,5.0,,1.0,,72.0,76.0
Maikel Garcia,2025.0,267.0,287.4621739639269,62.0,62.0,595.0,595.0,170.0,170.0,23.0,,9.0,,95.0,102.0
Abraham Toro,2025.0,96.0,101.790872605737,14.0,14.0,259.0,259.0,62.0,62.0,2.0,,1.0,,27.0,28.0
,,,,,,,,,,,,,,,
Alan Roden,2025.0,40.0,37.207297872663815,8.0,8.0,136.0,136.0,26.0,26.0,1.0,,1.0,,9.0,9.0
Mike Trout,2025.0,200.0,222.6428520939505,87.0,87.0,456.0,456.0,106.0,106.0,2.0,,0.0,,72.0,80.0
Alex Call,2025.0,104.0,106.92524655774204,36.0,36.0,270.0,270.0,72.0,72.0,2.0,,1.0,,37.0,38.0
James Wood,2025.0,284.0,295.0177328391583,85.0,73.4600615354586,598.0,618.5290557468036,153.0,168.0482850295619,15.0,19.10184974158511,7.0,5.064797388130705,99.0,103.0
Brady House,2025.0,84.0,82.67994026252558,8.0,8.0,261.0,261.0,61.0,61.0,5.0,,3.0,,21.0,21.0
,,,,,,,,,,,,,,,
Kyle Isbel,2025.0,130.0,134.37245974146694,23.0,23.0,368.0,368.0,94.0,94.0,4.0,,5.0,,38.0,39.0
Chris Taylor,2025.0,34.0,31.62212450675925,5.0,5.0,113.0,113.0,21.0,21.0,2.0,,2.0,,7.0,7.0
,,,,,,,,,,,,,,,
Mark Canha,2025.0,30.0,27.162966255483454,7.0,7.0,113.0,113.0,24.0,24.0,0.0,,1.0,,7.0,7.0
,,,,,,,,,,,,,,,
,,,,,,,,,,,,,,,
Michael A. Taylor,2025.0,108.0,115.50302153480291,23.0,26.632194826472663,295.0,284.4128748699266,59.0,56.88860855740093,8.0,6.237854671827519,3.0,1.8106415099541189,28.0,31.0
Jose Iglesias,2025.0,90.0,103.48973656676566,24.0,24.0,306.0,306.0,70.0,70.0,5.0,,1.0,,26.0,30.0
,,,,,,,,,,,,,,,
Roman Anthony,2025.0,119.0,124.51465103357253,40.0,40.0,257.0,257.0,75.0,75.0,4.0,,1.0,,47.0,49.0
Leo Rivas,2025.0,30.0,42.43304784266381,20.0,20.0,90.0,90.0,22.0,22.0,6.0,,0.0,,13.0,18.0
Thairo Estrada,2025.0,57.0,52.82910099230108,6.0,6.0,154.0,154.0,39.0,39.0,1.0,,3.0,,15.0,14.0
Cole Young,2025.0,68.0,90.52649406468551,28.0,28.0,223.0,223.0,47.0,47.0,1.0,,0.0,,21.0,27.0
,,,,,,,,,,,,,,,
Dalton Rushing,2025.0,46.0,60.15074674098504,10.0,10.0,142.0,142.0,29.0,29.0,0.0,,0.0,,12.0,15.0
,,,,,,,,,,,,,,,
,,,,,,,,,,,,,,,
Isaac Collins,2025.0,153.0,152.26743879882284,57.0,48.153625126737,372.0,384.08635137186604,98.0,96.39238176232121,16.0,8.68790151842566,7.0,2.5010296625250663,56.0,51.0
Randy Arozarena,2025.0,261.0,288.9255139745348,64.0,67.25430619864102,613.0,636.0301520303763,146.0,160.6456027713013,31.0,15.782890781134872,6.0,4.401473435993589,84.0,97.0
Heston Kjerstad,2025.0,51.0,58.6835527216806,6.0,6.0,156.0,156.0,30.0,30.0,1.0,,0.0,,11.0,13.0
,,,,,,,,,,,,,,,
Matt Vierling,2025.0,27.0,46.64053321278455,7.0,7.0,88.0,88.0,21.0,21.0,2.0,,0.0,,8.0,14.0
Andruw Monasterio,2025.0,55.0,43.016079349188544,7.0,7.0,126.0,126.0,34.0,34.0,2.0,,1.0,,17.0,13.0
Dylan Moore,2025.0,82.0,82.37694008927647,20.0,20.0,219.0,219.0,44.0,44.0,14.0,,5.0,,22.0,22.0
,,,,,,,,,,,,,,,
Nick Castellanos,2025.0,219.0,218.5432862164669,32.0,32.0,547.0,547.0,137.0,137.0,4.0,,0.0,,65.0,65.0
Drew Gilbert,2025.0,35.0,29.812501709587337,7.0,7.0,100.0,100.0,19.0,19.0,1.0,,1.0,,8.0,7.0
,,,,,,,,,,,,,,,
Addison Barger,2025.0,209.0,220.2971497903669,36.0,36.0,460.0,460.0,112.0,112.0,4.0,,1.0,,63.0,66.0
Dylan Carlson,2025.0,73.0,91.73633754412532,21.0,21.0,217.0,217.0,44.0,44.0,3.0,,3.0,,19.0,24.0
Ezequiel Tovar,2025.0,144.0,154.1315275802512,21.0,21.0,360.0,360.0,91.0,91.0,5.0,,3.0,,42.0,45.0
Jazz Chisholm Jr.,2025.0,222.0,217.41078570720754,58.0,54.035717234015735,462.0,465.0801534962392,112.0,111.02921479733351,31.0,11.315133317275794,8.0,3.168909570197721,75.0,71.0
,,,,,,,,,,,,,,,
Ryan Mountcastle,2025.0,122.0,147.94827787534547,15.0,15.0,332.0,332.0,83.0,83.0,3.0,,0.0,,35.0,42.0
,,,,,,,,,,,,,,,
Xander Bogaerts,2025.0,192.0,212.9908489690166,48.0,48.0,491.0,491.0,129.0,129.0,20.0,,2.0,,67.0,73.0
Casey Schmitt,2025.0,125.0,134.53814183835178,27.0,27.0,312.0,312.0,74.0,74.0,0.0,,0.0,,37.0,40.0
,,,,,,,,,,,,,,,
Davis Schneider,2025.0,82.0,100.51210265473644,36.0,36.0,188.0,188.0,44.0,44.0,3.0,,1.0,,30.0,36.0
Austin Hays,2025.0,172.0,160.8320093078663,29.0,29.0,380.0,380.0,101.0,101.0,7.0,,0.0,,56.0,53.0
,,,,,,,,,,,,,,,
Alex Jackson,2025.0,43.0,49.56084652304523,5.0,5.0,91.0,91.0,20.0,20.0,0.0,,0.0,,11.0,13.0
Nolan Jones,2025.0,108.0,150.28006621486583,39.0,39.0,355.0,355.0,75.0,75.0,8.0,,3.0,,32.0,44.0
Wilyer Abreu,2025.0,175.0,178.01478912449508,40.0,32.932315065775796,373.0,375.3765150638037,92.0,93.1927337343258,6.0,7.295799385338879,3.0,2.0859064750706904,56.0,55.0
Drew Waters,2025.0,65.0,66.69546666154271,11.0,11.0,206.0,206.0,50.0,50.0,5.0,,3.0,,18.0,19.0
Bo Naylor,2025.0,136.0,161.6291711876266,45.0,45.0,359.0,359.0,70.0,70.0,1.0,,2.0,,38.0,45.0
Ryan O'Hearn,2025.0,207.0,213.9289221635791,58.0,58.0,474.0,474.0,133.0,133.0,3.0,,1.0,,75.0,77.0
,,,,,,,,,,,,,,,
Dillon Dingler,2025.0,185.0,190.2256625788452,23.0,23.0,435.0,435.0,121.0,121.0,0.0,,0.0,,58.0,60.0
Jeremiah Jackson,2025.0,76.0,54.69512897194383,11.0,11.0,170.0,170.0,47.0,47.0,0.0,,2.0,,23.0,17.0
,,,,,,,,,,,,,,,
Ben Rice,2025.0,233.0,262.99851362026584,50.0,50.0,467.0,467.0,119.0,119.0,3.0,,2.0,,76.0,85.0
,,,,,,,,,,,,,,,
Kyle Karros,2025.0,38.0,31.99310632531602,15.0,15.0,137.0,137.0,31.0,31.0,0.0,,0.0,,12.0,10.0
Christian Encarnacion-Strand,2025.0,49.0,45.393832394311474,3.0,3.0,130.0,130.0,27.0,27.0,0.0,,2.0,,10.0,9.0
Cody Freeman,2025.0,39.0,46.870880411321494,5.0,5.0,114.0,114.0,26.0,26.0,1.0,,1.0,,10.0,12.0
Willie MacIver,2025.0,33.0,25.77413842772097,7.0,7.0,102.0,102.0,19.0,19.0,3.0,,0.0,,8.0,7.0
,,,,,,,,,,,,,,,
Miguel Vargas,2025.0,202.0,239.6619060360144,56.0,56.0,504.0,504.0,118.0,118.0,6.0,,0.0,,64.0,76.0
Amed Rosario,2025.0,79.0,67.06198769530293,7.0,7.0,181.0,181.0,50.0,50.0,1.0,,0.0,,24.0,21.0
Brent Rooker,2025.0,300.0,299.86834878799516,65.0,65.0,626.0,626.0,164.0,164.0,6.0,,1.0,,100.0,100.0
Heliot Ramos,2025.0,248.0,287.75803794621424,52.0,52.0,620.0,620.0,159.0,159.0,6.0,,4.0,,77.0,89.0
Josh Smith,2025.0,181.0,197.42612590346664,55.0,51.32974816147454,495.0,509.7710119156328,124.0,124.8716266722355,12.0,12.12307920803002,3.0,3.469928778271681,60.0,63.0
,,,,,,,,,,,,,,,
Marcelo Mayer,2025.0,51.0,33.465943511366675,8.0,4.37815710122733,127.0,129.39809421517322,29.0,22.12658123116661,0.0,3.38891010493023,2.0,1.0190041227168702,13.0,6.0
Kyle Teel,2025.0,104.0,109.03538611731943,37.0,37.0,253.0,253.0,69.0,69.0,3.0,,1.0,,38.0,40.0
Edouard Julien,2025.0,59.0,82.97659944499554,22.0,22.0,182.0,182.0,40.0,40.0,0.0,,3.0,,17.0,24.0
Willson Contreras,2025.0,219.0,238.2656223458065,44.0,44.0,490.0,490.0,126.0,126.0,5.0,,1.0,,70.0,76.0
Tyler Soderstrom,2025.0,266.0,269.92460727523826,55.0,55.0,561.0,561.0,155.0,155.0,8.0,,3.0,,91.0,92.0
Luis Matos,2025.0,73.0,73.62614668547644,11.0,11.0,172.0,172.0,38.0,38.0,4.0,,0.0,,20.0,20.0
Colton Cowser,2025.0,126.0,138.3496338047677,27.0,27.0,327.0,327.0,64.0,64.0,14.0,,0.0,,35.0,38.0
Nick Allen,2025.0,93.0,110.65917612550021,31.0,31.0,371.0,371.0,82.0,82.0,8.0,,7.0,,26.0,30.0
,,,,,,,,,,,,,,,
Francisco Lindor,2025.0,300.0,313.49505177402045,65.0,65.73713632501278,644.0,680.7972109209927,172.0,183.643264934843,31.0,14.90065809320995,6.0,4.203094072957758,104.0,108.0
Nick Martini,2025.0,30.0,34.61818123340447,9.0,9.0,102.0,102.0,23.0,23.0,0.0,,0.0,,9.0,10.0
Ian Happ,2025.0,239.0,267.9450644304709,87.0,87.0,569.0,569.0,138.0,138.0,6.0,,3.0,,82.0,92.0
,,,,,,,,,,,,,,,
Ildemaro Vargas,2025.0,44.0,33.331730320344846,2.0,2.0,115.0,115.0,31.0,31.0,0.0,,0.0,,12.0,9.0
,,,,,,,,,,,,,,,
Isiah Kiner-Falefa,2025.0,144.0,143.08255557410288,17.0,17.0,431.0,431.0,113.0,113.0,15.0,,4.0,,43.0,43.0
,,,,,,,,,,,,,,,
Will Smith,2025.0,180.0,187.595148387476,64.0,64.0,362.0,362.0,107.0,107.0,2.0,,3.0,,71.0,74.0
Logan O'Hoppe,2025.0,157.0,188.54207490354,24.0,24.0,423.0,423.0,90.0,90.0,2.0,,1.0,,40.0,48.0
Brandon Nimmo,2025.0,256.0,286.2814031143233,50.0,50.0,587.0,587.0,154.0,154.0,13.0,,1.0,,84.0,94.0
Nathan Lukes,2025.0,158.0,167.25904146612658,38.0,38.0,388.0,388.0,99.0,99.0,2.0,,4.0,,49.0,52.0
Colson Montgomery,2025.0,135.0,119.24479995694641,25.0,25.0,255.0,255.0,61.0,61.0,0.0,,0.0,,41.0,37.0
Yainer Diaz,2025.0,226.0,248.27542604656364,20.0,20.0,542.0,542.0,139.0,139.0,1.0,,1.0,,64.0,70.0
,,,,,,,,,,,,,,,
Steven Kwan,2025.0,234.0,213.33952415996777,55.0,63.31703549762062,625.0,603.5050449529433,170.0,154.19044021595937,21.0,18.893480376531745,5.0,5.369977053406424,80.0,72.0
Taylor Ward,2025.0,275.0,269.88804195950536,75.0,71.86831876944741,579.0,592.4657110987845,132.0,145.98871989496203,4.0,13.586403471785447,1.0,3.9964147499076286,87.0,89.0
,,,,,,,,,,,,,,,
Tommy Pham,2025.0,145.0,169.66119055595829,50.0,50.0,392.0,392.0,96.0,96.0,5.0,,3.0,,48.0,56.0
Hunter Goodman,2025.0,281.0,248.8007465222214,33.0,33.0,540.0,540.0,150.0,150.0,1.0,,2.0,,89.0,79.0
Geraldo Perdomo,2025.0,276.0,269.5641037323072,94.0,76.7823425488009,597.0,647.556728824211,173.0,165.90952800683857,27.0,16.611572137731162,6.0,4.854207060836176,110.0,93.0
Kristian Campbell,2025.0,79.0,74.83066139891818,29.0,29.0,229.0,229.0,51.0,51.0,2.0,,1.0,,25.0,23.0
Ozzie Albies,2025.0,220.0,239.94122185032228,55.0,55.0,603.0,603.0,145.0,145.0,14.0,,3.0,,68.0,74.0
,,,,,,,,,,,,,,,
Ke'Bryan Hayes,2025.0,161.0,218.89597726698307,36.0,36.0,527.0,527.0,124.0,124.0,12.0,,3.0,,47.0,63.0
,,,,,,,,,,,,,,,
,,,,,,,,,,,,,,,
,,,,,,,,,,,,,,,
Kyle Stowers,2025.0,217.0,213.13616105144337,48.0,48.0,399.0,399.0,115.0,115.0,5.0,,1.0,,80.0,78.0
JJ Bleday,2025.0,124.0,118.32499616823847,36.0,36.0,307.0,307.0,65.0,65.0,1.0,,2.0,,36.0,34.0
Santiago Espinal,2025.0,85.0,106.5231318771919,21.0,21.0,301.0,301.0,73.0,73.0,2.0,,1.0,,25.0,31.0
Nick Kurtz,2025.0,260.0,210.3127040042411,63.0,63.0,420.0,420.0,122.0,122.0,2.0,,1.0,,99.0,80.0
,,,,,,,,,,,,,,,
,,,,,,,,,,,,,,,
Aaron Judge,2025.0,372.0,331.13153792429785,124.0,124.0,541.0,541.0,179.0,179.0,12.0,,5.0,,169.0,151.0
Jorge Polanco,2025.0,233.0,237.2616208120117,42.0,42.0,471.0,471.0,125.0,125.0,6.0,,3.0,,75.0,77.0
Jhonkensy Noel,2025.0,44.0,40.664607500254235,4.0,4.0,148.0,148.0,24.0,24.0,0.0,,0.0,,8.0,7.0
Jake Bauers,2025.0,73.0,92.59623041430716,32.0,32.0,183.0,183.0,43.0,43.0,8.0,,1.0,,27.0,34.0
Lourdes Gurriel Jr.,2025.0,209.0,223.7351591488332,31.0,31.0,500.0,500.0,124.0,124.0,10.0,,4.0,,61.0,65.0
Kerry Carpenter,2025.0,215.0,209.0291034145746,18.0,18.0,433.0,433.0,109.0,109.0,1.0,,1.0,,60.0,58.0
Andrew McCutchen,2025.0,175.0,215.936746818401,67.0,67.0,477.0,477.0,114.0,114.0,1.0,,1.0,,58.0,72.0
Randal Grichuk,2025.0,109.0,131.88548294767241,17.0,17.0,272.0,272.0,62.0,62.0,0.0,,1.0,,29.0,35.0
Freddy Fermin,2025.0,108.0,125.2575848368817,19.0,19.0,319.0,319.0,80.0,80.0,1.0,,2.0,,31.0,36.0
Bryce Harper,2025.0,244.0,248.84331205340226,70.0,70.0,501.0,501.0,131.0,131.0,12.0,,2.0,,88.0,89.0
Chase Meidroth,2025.0,144.0,176.6482355614904,45.0,45.0,450.0,450.0,114.0,114.0,14.0,,4.0,,48.0,58.0
,,,,,,,,,,,,,,,
Gabriel Arias,2025.0,157.0,172.22155761336427,27.0,27.0,432.0,432.0,95.0,95.0,8.0,,4.0,,41.0,45.0
Max Muncy,2025.0,147.0,167.76593346953226,64.0,64.0,313.0,313.0,76.0,76.0,4.0,,0.0,,56.0,63.0
Max Muncy,2025.0,78.0,84.09925403724372,10.0,10.0,206.0,206.0,44.0,44.0,1.0,,1.0,,19.0,21.0
Gabriel Moreno,2025.0,120.0,123.98609627840366,29.0,29.0,277.0,277.0,79.0,79.0,2.0,,2.0,,42.0,43.0
,,,,,,,,,,,,,,,
,,,,,,,,,,,,,,,
,,,,,,,,,,,,,,,
Tyler Locklear,2025.0,27.0,22.30350851811363,10.0,10.0,103.0,103.0,18.0,18.0,3.0,,1.0,,7.0,6.0
Jacob Wilson,2025.0,216.0,171.04878999399529,27.0,28.397111671413352,486.0,432.5463561035132,151.0,116.7124752713822,5.0,6.480692691965597,2.0,1.9703088896128143,75.0,54.0
Brayan Rocchio,2025.0,117.0,126.90569173124632,22.0,22.0,344.0,344.0,80.0,80.0,8.0,,4.0,,32.0,35.0
Lars Nootbaar,2025.0,184.0,252.24598090231692,64.0,64.0,509.0,509.0,119.0,119.0,4.0,,5.0,,58.0,79.0
Luis Rengifo,2025.0,168.0,192.54857129610073,33.0,33.0,501.0,501.0,119.0,119.0,10.0,,7.0,,47.0,53.0
Brett Baty,2025.0,171.0,189.12928687052937,33.0,33.0,393.0,393.0,100.0,100.0,8.0,,0.0,,55.0,61.0
Max Kepler,2025.0,163.0,205.82026206882986,48.0,48.0,417.0,417.0,90.0,90.0,3.0,,0.0,,49.0,62.0
,,,,,,,,,,,,,,,
Gavin Sheets,2025.0,211.0,237.0355727695071,44.0,44.0,492.0,492.0,124.0,124.0,2.0,,1.0,,66.0,74.0
,,,,,,,,,,,,,,,
Hunter Renfroe,2025.0,24.0,38.049546129987434,8.0,8.0,99.0,99.0,18.0,18.0,0.0,,0.0,,6.0,9.0
Kevin Newman,2025.0,31.0,34.4723483839513,1.0,1.0,114.0,114.0,23.0,23.0,1.0,,0.0,,7.0,7.0
Michael Toglia,2025.0,108.0,109.87493919169768,28.0,28.0,306.0,306.0,58.0,58.0,3.0,,0.0,,28.0,29.0
,,,,,,,,,,,,,,,
,,,,,,,,,,,,,,,
Will Wagner,2025.0,36.0,30.79991880813067,17.0,17.0,129.0,129.0,29.0,29.0,1.0,,0.0,,12.0,10.0
Eric Wagaman,2025.0,180.0,212.4505663500853,32.0,32.0,476.0,476.0,119.0,119.0,4.0,,1.0,,54.0,63.0
,,,,,,,,,,,,,,,
Mookie Betts,2025.0,239.0,260.4989507216612,61.0,61.0,589.0,589.0,152.0,152.0,8.0,,2.0,,79.0,86.0
Jose Altuve,2025.0,260.0,227.62702790639878,55.0,45.07695499805915,588.0,551.2462581491902,156.0,142.08103770326434,10.0,10.505482562172825,6.0,3.0082964196717814,84.0,71.0
Miguel Andujar,2025.0,151.0,129.5980002223054,17.0,17.0,321.0,321.0,102.0,102.0,1.0,,0.0,,53.0,46.0
Vladimir Guerrero Jr.,2025.0,275.0,320.94609379225494,81.0,81.0,589.0,589.0,172.0,172.0,6.0,,3.0,,104.0,121.0
Lawrence Butler,2025.0,230.0,242.32823965256938,59.0,61.50401949696378,569.0,557.7568321105084,133.0,142.19615871550448,22.0,10.52199417063027,7.0,3.115020339159163,71.0,81.0
Brandon Lowe,2025.0,242.0,236.52977789385687,38.0,38.0,507.0,507.0,130.0,130.0,3.0,,2.0,,74.0,72.0
Curtis Mead,2025.0,77.0,85.38028400939092,15.0,15.0,240.0,240.0,56.0,56.0,5.0,,1.0,,22.0,24.0
Mike Yastrzemski,2025.0,192.0,225.29185573334223,72.0,72.0,477.0,477.0,111.0,111.0,7.0,,2.0,,65.0,76.0
,,,,,,,,,,,,,,,
,,,,,,,,,,,,,,,
Tyler Stephenson,2025.0,126.0,133.29003576666196,37.0,37.0,299.0,299.0,69.0,69.0,0.0,,1.0,,39.0,42.0
,,,,,,,,,,,,,,,
Royce Lewis,2025.0,146.0,163.232323970751,25.0,25.0,376.0,376.0,89.0,89.0,12.0,,2.0,,43.0,48.0
Jonah Bride,2025.0,21.0,28.35287779817955,11.0,11.0,112.0,112.0,19.0,19.0,0.0,,0.0,,5.0,7.0
Jac Caglianone,2025.0,62.0,98.82207244715082,18.0,18.0,210.0,210.0,33.0,33.0,1.0,,0.0,,14.0,22.0
Mickey Gasper,2025.0,22.0,24.207878475601746,10.0,10.0,95.0,95.0,15.0,15.0,2.0,,0.0,,6.0,6.0
Joshua Palacios,2025.0,39.0,51.75686612494343,12.0,12.0,128.0,128.0,26.0,26.0,0.0,,0.0,,11.0,14.0
Matt Wallner,2025.0,156.0,155.84841269038995,46.0,46.0,336.0,336.0,68.0,68.0,4.0,,3.0,,46.0,46.0
Jake Rogers,2025.0,41.0,49.81759797478442,15.0,15.0,123.0,123.0,23.0,23.0,0.0,,0.0,,11.0,14.0
Nick Fortes,2025.0,76.0,79.81783668918433,14.0,14.0,218.0,218.0,50.0,50.0,1.0,,0.0,,21.0,22.0
,,,,,,,,,,,,,,,
TJ Friedl,2025.0,219.0,224.4975055025639,81.0,81.0,579.0,579.0,151.0,151.0,12.0,,3.0,,79.0,80.0
Nacho Alvarez Jr.,2025.0,62.0,52.970061126088666,12.0,12.0,188.0,188.0,44.0,44.0,0.0,,0.0,,17.0,15.0
,,,,,,,,,,,,,,,
,,,,,,,,,,,,,,,
Trent Grisham,2025.0,229.0,247.0305322030964,82.0,82.0,494.0,494.0,116.0,116.0,3.0,,2.0,,78.0,84.0
Spencer Torkelson,2025.0,257.0,268.1958368830666,72.0,72.0,563.0,563.0,135.0,135.0,2.0,,1.0,,84.0,87.0
Adley Rutschman,2025.0,118.0,146.14306714493975,40.0,40.0,322.0,322.0,71.0,71.0,0.0,,0.0,,36.0,45.0
,,,,,,,,,,,,,,,
J.P. Crawford,2025.0,211.0,237.7204026137293,74.0,74.0,570.0,570.0,151.0,151.0,8.0,,1.0,,75.0,85.0
Rob Refsnyder,2025.0,88.0,82.45858890295227,24.0,24.0,182.0,182.0,49.0,49.0,3.0,,0.0,,32.0,30.0
Riley Greene,2025.0,296.0,287.8327835203198,46.0,46.0,600.0,600.0,155.0,155.0,2.0,,1.0,,92.0,89.0
,,,,,,,,,,,,,,,
Lenyn Sosa,2025.0,225.0,231.07289010468918,18.0,18.0,518.0,518.0,137.0,137.0,2.0,,1.0,,65.0,67.0
Junior Caminero,2025.0,322.0,322.9150292282236,41.0,41.0,602.0,602.0,159.0,159.0,7.0,,1.0,,101.0,101.0
Ryan McMahon,2025.0,194.0,229.68260722514137,70.0,70.0,509.0,509.0,109.0,109.0,3.0,,1.0,,60.0,71.0
Justyn-Henry Malloy,2025.0,32.0,35.50155399854465,20.0,20.0,104.0,104.0,23.0,23.0,0.0,,0.0,,11.0,12.0
Andrew Benintendi,2025.0,181.0,195.83493471924544,40.0,40.0,420.0,420.0,101.0,101.0,1.0,,0.0,,56.0,60.0
Joey Bart,2025.0,97.0,120.184919513836,40.0,40.0,285.0,285.0,71.0,71.0,1.0,,1.0,,33.0,41.0
David Fry,2025.0,53.0,49.19438755959601,9.0,9.0,146.0,146.0,25.0,25.0,1.0,,0.0,,12.0,11.0
,,,,,,,,,,,,,,,
Ketel Marte,2025.0,248.0,257.4657447585778,64.0,64.0,480.0,480.0,136.0,136.0,4.0,,2.0,,91.0,94.0
Adam Frazier,2025.0,153.0,141.34742137852166,26.0,26.0,419.0,419.0,112.0,112.0,8.0,,6.0,,46.0,43.0
,,,,,,,,,,,,,,,
Josh Jung,2025.0,188.0,205.56362970060619,27.0,27.0,482.0,482.0,121.0,121.0,4.0,,1.0,,55.0,60.0
Oswaldo Cabrera,2025.0,33.0,18.19862728124238,11.0,11.0,107.0,107.0,26.0,26.0,0.0,,1.0,,10.0,6.0
Luis Torrens,2025.0,90.0,120.80379485556061,19.0,19.0,261.0,261.0,59.0,59.0,1.0,,0.0,,25.0,34.0
,,,,,,,,,,,,,,,
Starling Marte,2025.0,120.0,122.42244599801437,22.0,22.0,293.0,293.0,79.0,79.0,7.0,,2.0,,39.0,40.0
Graham Pauley,2025.0,59.0,59.531608232170086,21.0,21.0,161.0,161.0,36.0,36.0,2.0,,0.0,,19.0,19.0
Riley Adams,2025.0,81.0,91.59967689830187,18.0,18.0,263.0,263.0,49.0,49.0,1.0,,0.0,,19.0,22.0
Brendan Donovan,2025.0,194.0,220.7497116048129,42.0,42.0,460.0,460.0,132.0,132.0,3.0,,3.0,,66.0,75.0
Troy Johnston,2025.0,47.0,45.56720708752266,8.0,8.0,112.0,112.0,31.0,31.0,2.0,,2.0,,15.0,14.0
Adael Amador,2025.0,30.0,42.93868348783671,11.0,11.0,113.0,113.0,20.0,20.0,1.0,,1.0,,7.0,10.0
Carlos Correa,2025.0,216.0,244.41868113241648,45.0,45.0,537.0,537.0,148.0,148.0,0.0,,0.0,,72.0,81.0
Dominic Canzone,2025.0,117.0,125.08621921301199,20.0,20.0,243.0,243.0,73.0,73.0,3.0,,1.0,,42.0,44.0
Alec Bohm,2025.0,190.0,214.23517788236455,29.0,29.0,464.0,464.0,133.0,133.0,2.0,,0.0,,63.0,71.0
Jeff McNeil,2025.0,164.0,172.20341195321487,49.0,49.0,399.0,399.0,97.0,97.0,3.0,,0.0,,54.0,57.0
Kyle Tucker,2025.0,232.0,251.6302576575272,87.0,87.0,500.0,500.0,133.0,133.0,25.0,,3.0,,92.0,99.0
Michael Busch,2025.0,274.0,272.1612071657888,56.0,56.0,524.0,524.0,137.0,137.0,4.0,,0.0,,92.0,91.0
,,,,,,,,,,,,,,,
Luis Arraez,2025.0,243.0,201.02648582775748,34.0,34.0,620.0,620.0,181.0,181.0,11.0,,4.0,,80.0,67.0
Paul DeJong,2025.0,72.0,77.12742053221965,11.0,11.0,193.0,193.0,44.0,44.0,4.0,,0.0,,20.0,22.0
Masataka Yoshida,2025.0,73.0,76.00850005494286,10.0,10.0,188.0,188.0,50.0,50.0,3.0,,0.0,,23.0,24.0
Austin Wells,2025.0,175.0,183.00685693781296,30.0,30.0,401.0,401.0,88.0,88.0,5.0,,1.0,,48.0,51.0
James McCann,2025.0,53.0,29.350001725951216,8.0,8.0,123.0,123.0,32.0,32.0,0.0,,0.0,,16.0,9.0
,,,,,,,,,,,,,,,
Chas McCormick,2025.0,29.0,37.87709663873622,9.0,9.0,100.0,100.0,21.0,21.0,2.0,,3.0,,7.0,9.0
Brendan Rodgers,2025.0,32.0,44.4537826846726,11.0,11.0,115.0,115.0,22.0,22.0,0.0,,1.0,,8.0,11.0
Tyler Heineman,2025.0,62.0,61.24105135570299,12.0,12.0,149.0,149.0,43.0,43.0,2.0,,0.0,,22.0,21.0
Jurickson Profar,2025.0,138.0,148.94417846521347,48.0,48.0,318.0,318.0,78.0,78.0,9.0,,2.0,,49.0,52.0
Travis d'Arnaud,2025.0,73.0,89.41594286566368,13.0,13.0,213.0,213.0,42.0,42.0,0.0,,0.0,,18.0,22.0
,,,,,,,,,,,,,,,
,,,,,,,,,,,,,,,
Pavin Smith,2025.0,106.0,102.95040846772773,41.0,41.0,244.0,244.0,63.0,63.0,2.0,,2.0,,38.0,37.0
,,,,,,,,,,,,,,,
,,,,,,,,,,,,,,,
,,,,,,,,,,,,,,,
,,,,,,,,,,,,,,,
Kyle Farmer,2025.0,101.0,102.48896796627699,17.0,17.0,277.0,277.0,63.0,63.0,0.0,,1.0,,27.0,27.0
,,,,,,,,,,,,,,,
Hunter Feduccia,2025.0,18.0,42.744328425828115,15.0,15.0,88.0,88.0,13.0,13.0,1.0,,0.0,,5.0,12.0
Liam Hicks,2025.0,115.0,125.3832453376357,43.0,43.0,332.0,332.0,82.0,82.0,2.0,,0.0,,39.0,42.0
Nathaniel Lowe,2025.0,206.0,228.5039635191334,62.0,62.0,540.0,540.0,123.0,123.0,1.0,,0.0,,64.0,70.0
Christian Walker,2025.0,246.0,270.2744521683556,40.0,40.0,585.0,585.0,139.0,139.0,2.0,,1.0,,70.0,77.0
Gleyber Torres,2025.0,206.0,254.5917422679461,85.0,85.0,532.0,532.0,136.0,136.0,4.0,,1.0,,74.0,92.0
Josh Rojas,2025.0,49.0,64.50543263746675,19.0,19.0,189.0,189.0,34.0,34.0,4.0,,1.0,,13.0,17.0
Yordan Alvarez,2025.0,71.0,92.1185040071316,28.0,28.0,165.0,165.0,45.0,45.0,1.0,,1.0,,27.0,34.0
William Contreras,2025.0,226.0,271.82131253121634,84.0,61.92013261037439,566.0,590.1550806603752,147.0,160.91944720598244,6.0,8.136193569687396,4.0,2.466733021751119,80.0,92.0
,,,,,,,,,,,,,,,
Bo Bichette,2025.0,281.0,293.28763866211705,40.0,40.0,582.0,582.0,181.0,181.0,4.0,,3.0,,99.0,103.0
Enmanuel Valdez,2025.0,33.0,30.05151651151502,11.0,11.0,91.0,91.0,19.0,19.0,0.0,,0.0,,10.0,9.0
Danny Jansen,2025.0,115.0,121.00265604340572,42.0,42.0,288.0,288.0,62.0,62.0,0.0,,0.0,,36.0,38.0
Paul Goldschmidt,2025.0,197.0,224.64401622306136,36.0,36.0,489.0,489.0,134.0,134.0,5.0,,1.0,,64.0,73.0
,,,,,,,,,,,,,,,
,,,,,,,,,,,,,,,
Drake Baldwin,2025.0,190.0,212.6991236548483,38.0,38.0,405.0,405.0,111.0,111.0,0.0,,0.0,,64.0,72.0
Trevor Larnach,2025.0,203.0,223.16799043600514,53.0,53.0,503.0,503.0,126.0,126.0,4.0,,4.0,,64.0,71.0
Brooks Lee,2025.0,180.0,205.63434087462724,31.0,31.0,487.0,487.0,115.0,115.0,3.0,,1.0,,51.0,58.0
,,,,,,,,,,,,,,,
Alex Verdugo,2025.0,57.0,65.4222144790676,14.0,14.0,197.0,197.0,47.0,47.0,1.0,,0.0,,17.0,19.0
Mark Vientos,2025.0,175.0,197.58345922838697,30.0,30.0,424.0,424.0,99.0,99.0,1.0,,0.0,,50.0,56.0
Cal Raleigh,2025.0,351.0,314.61745697840615,97.0,97.0,596.0,596.0,147.0,147.0,14.0,,4.0,,124.0,112.0
,,,,,,,,,,,,,,,
Jorge Soler,2025.0,108.0,125.99426535389333,28.0,28.0,279.0,279.0,60.0,60.0,0.0,,0.0,,31.0,36.0
Nolan Schanuel,2025.0,190.0,196.4763696431135,59.0,59.0,488.0,488.0,129.0,129.0,5.0,,1.0,,66.0,68.0
Michael Conforto,2025.0,139.0,189.59061523168225,56.0,56.0,418.0,418.0,83.0,83.0,1.0,,0.0,,41.0,56.0
,,,,,,,,,,,,,,,
,,,,,,,,,,,,,,,
Alex Bregman,2025.0,200.0,203.51127391997662,51.0,51.0,433.0,433.0,118.0,118.0,1.0,,1.0,,70.0,71.0
Michael Massey,2025.0,82.0,100.46774741407174,9.0,9.0,262.0,262.0,64.0,64.0,2.0,,1.0,,22.0,27.0
LaMonte Wade Jr.,2025.0,53.0,78.39095751620019,27.0,27.0,209.0,209.0,35.0,35.0,1.0,,0.0,,14.0,21.0
Carson Kelly,2025.0,158.0,171.84176980107887,45.0,45.0,369.0,369.0,92.0,92.0,2.0,,0.0,,53.0,57.0
Andrew Vaughn,2025.0,167.0,208.37532581834964,31.0,31.0,406.0,406.0,103.0,103.0,0.0,,0.0,,51.0,64.0
,,,,,,,,,,,,,,,
Anthony Santander,2025.0,57.0,64.02357317088138,25.0,25.0,194.0,194.0,34.0,34.0,0.0,,0.0,,15.0,17.0
,,,,,,,,,,,,,,,
Reese McGuire,2025.0,59.0,60.4512593029757,4.0,4.0,133.0,133.0,30.0,30.0,0.0,,0.0,,15.0,15.0
Francisco Alvarez,2025.0,110.0,109.7548177617853,27.0,27.0,246.0,246.0,63.0,63.0,0.0,,0.0,,36.0,36.0
Mitch Garver,2025.0,87.0,95.00981283652084,30.0,30.0,254.0,254.0,53.0,53.0,3.0,,0.0,,26.0,28.0
Miguel Amaya,2025.0,48.0,39.03116869213794,4.0,4.0,96.0,96.0,27.0,27.0,0.0,,0.0,,15.0,12.0
Nolan Gorman,2025.0,130.0,136.17779095261818,47.0,47.0,351.0,351.0,72.0,72.0,1.0,,1.0,,39.0,40.0
Miguel Rojas,2025.0,115.0,110.11700566490181,24.0,24.0,290.0,290.0,76.0,76.0,5.0,,0.0,,38.0,36.0
Adrian Del Castillo,2025.0,47.0,17.543187417501642,8.0,8.0,120.0,120.0,29.0,29.0,0.0,,0.0,,14.0,5.0
,,,,,,,,,,,,,,,
Jonathan Aranda,2025.0,181.0,183.6887686703459,41.0,41.0,370.0,370.0,117.0,117.0,0.0,,2.0,,68.0,69.0
Kyle Schwarber,2025.0,340.0,343.31516642195186,108.0,108.0,604.0,604.0,145.0,145.0,10.0,,2.0,,122.0,123.0
Emmanuel Rivera,2025.0,34.0,25.708685995728132,6.0,6.0,120.0,120.0,30.0,30.0,1.0,,0.0,,10.0,8.0
Ryan Jeffers,2025.0,161.0,172.9296248570775,50.0,50.0,406.0,406.0,108.0,108.0,1.0,,1.0,,56.0,60.0
Ben Rortvedt,2025.0,23.0,47.21336566965144,11.0,11.0,112.0,112.0,17.0,17.0,0.0,,0.0,,5.0,11.0
,,,,,,,,,,,,,,,
,,,,,,,,,,,,,,,
,,,,,,,,,,,,,,,
Ronny Mauricio,2025.0,62.0,59.72364136470304,15.0,15.0,168.0,168.0,38.0,38.0,4.0,,0.0,,19.0,18.0
Manny Machado,2025.0,283.0,326.34838772635794,55.0,55.0,615.0,615.0,169.0,169.0,14.0,,3.0,,96.0,110.0
Juan Soto,2025.0,303.0,343.4291046831437,127.0,127.0,577.0,577.0,152.0,152.0,38.0,,4.0,,128.0,144.0
,,,,,,,,,,,,,,,
,,,,,,,,,,,,,,,
Patrick Bailey,2025.0,133.0,148.43264443423504,30.0,30.0,409.0,409.0,91.0,91.0,1.0,,0.0,,37.0,41.0
Dominic Smith,2025.0,85.0,73.52013265129062,15.0,15.0,204.0,204.0,58.0,58.0,2.0,,0.0,,29.0,25.0
Samuel Basallo,2025.0,36.0,39.48435676753087,6.0,6.0,109.0,109.0,18.0,18.0,0.0,,0.0,,8.0,8.0
Carlos Santana,2025.0,135.0,173.3332130159166,52.0,52.0,415.0,415.0,91.0,91.0,7.0,,0.0,,43.0,55.0
Isaac Paredes,2025.0,173.0,164.6505587760857,50.0,50.0,378.0,378.0,96.0,96.0,0.0,,1.0,,58.0,56.0
,,,,,,,,,,,,,,,
DJ LeMahieu,2025.0,43.0,20.09324762916961,14.0,14.0,128.0,128.0,34.0,34.0,0.0,,0.0,,15.0,7.0
,,,,,,,,,,,,,,,
Freddie Freeman,2025.0,279.0,267.12391715483005,60.0,60.0,556.0,556.0,164.0,164.0,6.0,,2.0,,102.0,97.0
,,,,,,,,,,,,,,,
,,,,,,,,,,,,,,,
Alec Burleson,2025.0,228.0,240.61377236968065,39.0,39.0,497.0,497.0,144.0,144.0,5.0,,1.0,,78.0,83.0
Orlando Arcia,2025.0,59.0,63.159611569479196,10.0,10.0,203.0,203.0,41.0,41.0,0.0,,1.0,,14.0,15.0
,,,,,,,,,,,,,,,
,,,,,,,,,,,,,,,
Vinnie Pasquantino,2025.0,295.0,310.20151450206646,49.0,49.0,621.0,621.0,164.0,164.0,1.0,,0.0,,94.0,99.0
Nolan Arenado,2025.0,151.0,159.9456917089107,28.0,28.0,401.0,401.0,95.0,95.0,3.0,,0.0,,44.0,46.0
,,,,,,,,,,,,,,,
Spencer Horwitz,2025.0,158.0,164.22191267437435,44.0,44.0,364.0,364.0,99.0,99.0,0.0,,1.0,,55.0,57.0
Kyle Manzardo,2025.0,214.0,212.67072933554064,48.0,48.0,470.0,470.0,110.0,110.0,2.0,,0.0,,66.0,65.0
,,,,,,,,,,,,,,,
Marcell Ozuna,2025.0,195.0,235.82604799105349,94.0,94.0,487.0,487.0,113.0,113.0,0.0,,0.0,,69.0,84.0
Corey Seager,2025.0,185.0,211.57838201542268,58.0,58.0,380.0,380.0,103.0,103.0,3.0,,0.0,,69.0,79.0
Pete Alonso,2025.0,327.0,352.561123645719,61.0,61.0,624.0,624.0,170.0,170.0,1.0,,2.0,,109.0,118.0
Justin Turner,2025.0,53.0,67.59499860240498,17.0,17.0,169.0,169.0,37.0,37.0,2.0,,0.0,,16.0,20.0
Jonah Heim,2025.0,131.0,161.02661374577752,32.0,32.0,395.0,395.0,84.0,84.0,3.0,,0.0,,36.0,44.0
Matt Olson,2025.0,302.0,334.8553912328633,91.0,91.0,624.0,624.0,170.0,170.0,1.0,,0.0,,110.0,122.0
Matt Thaiss,2025.0,45.0,49.23872434283699,29.0,29.0,156.0,156.0,34.0,34.0,1.0,,1.0,,15.0,17.0
Matt Mervis,2025.0,46.0,39.7845246122975,11.0,11.0,120.0,120.0,21.0,21.0,0.0,,0.0,,11.0,10.0
Josh Bell,2025.0,195.0,243.78801505025342,57.0,57.0,468.0,468.0,111.0,111.0,0.0,,3.0,,61.0,76.0
Joc Pederson,2025.0,87.0,120.5998462585383,34.0,34.0,265.0,265.0,48.0,48.0,2.0,,0.0,,24.0,33.0
,,,,,,,,,,,,,,,
Kyle Higashioka,2025.0,122.0,127.43484248292415,20.0,20.0,303.0,303.0,73.0,73.0,3.0,,1.0,,35.0,37.0
,,,,,,,,,,,,,,,
,,,,,,,,,,,,,,,
Ty France,2025.0,160.0,207.77400777378816,22.0,22.0,444.0,444.0,114.0,114.0,1.0,,0.0,,47.0,61.0
Donovan Solano,2025.0,56.0,49.50945411988533,8.0,8.0,166.0,166.0,41.0,41.0,0.0,,0.0,,16.0,14.0
,,,,,,,,,,,,,,,
,,,,,,,,,,,,,,,
,,,,,,,,,,,,,,,
Rafael Devers,2025.0,291.0,325.3427824024151,112.0,112.0,607.0,607.0,153.0,153.0,1.0,,1.0,,107.0,120.0
Austin Hedges,2025.0,43.0,52.399927990618295,18.0,18.0,155.0,155.0,25.0,25.0,1.0,,2.0,,10.0,12.0
Edgar Quero,2025.0,130.0,153.22419440943247,32.0,32.0,365.0,365.0,98.0,98.0,0.0,,1.0,,42.0,50.0
,,,,,,,,,,,,,,,
,,,,,,,,,,,,,,,
,,,,,,,,,,,,,,,
Mike Tauchman,2025.0,134.0,139.88677778233713,45.0,45.0,335.0,335.0,88.0,88.0,0.0,,0.0,,47.0,49.0
Jose Herrera,2025.0,43.0,54.280911644659994,23.0,23.0,166.0,166.0,31.0,31.0,0.0,,0.0,,12.0,16.0
Sean Murphy,2025.0,119.0,128.95887929291905,35.0,35.0,291.0,291.0,58.0,58.0,0.0,,0.0,,34.0,37.0
Yohel Pozo,2025.0,60.0,52.52082056969209,7.0,7.0,160.0,160.0,37.0,37.0,0.0,,0.0,,16.0,14.0
Rhys Hoskins,2025.0,116.0,123.22388773179256,38.0,38.0,279.0,279.0,66.0,66.0,2.0,,1.0,,38.0,40.0
,,,,,,,,,,,,,,,
,,,,,,,,,,,,,,,
Keibert Ruiz,2025.0,81.0,92.64760847397996,8.0,8.0,255.0,255.0,63.0,63.0,0.0,,2.0,,21.0,24.0
Wilmer Flores,2025.0,159.0,156.65535849493108,34.0,34.0,419.0,419.0,101.0,101.0,1.0,,0.0,,48.0,47.0
Josh Naylor,2025.0,251.0,246.24289652005493,48.0,48.0,543.0,543.0,160.0,160.0,30.0,,2.0,,94.0,93.0
Triston Casas,2025.0,30.0,36.211269616877104,11.0,11.0,99.0,99.0,18.0,18.0,0.0,,0.0,,8.0,10.0
Salvador Perez,2025.0,266.0,300.23851727333806,28.0,28.0,597.0,597.0,141.0,141.0,0.0,,0.0,,72.0,81.0
Austin Wynns,2025.0,56.0,30.67883893836091,5.0,5.0,103.0,103.0,30.0,30.0,0.0,,0.0,,18.0,10.0
Jose Trevino,2025.0,99.0,109.46844954687953,15.0,15.0,282.0,282.0,67.0,67.0,0.0,,0.0,,27.0,30.0
Victor Caratini,2025.0,139.0,153.22409789053503,23.0,23.0,344.0,344.0,89.0,89.0,1.0,,0.0,,43.0,47.0
Alejandro Kirk,2025.0,190.0,246.258547489098,48.0,48.0,451.0,451.0,127.0,127.0,1.0,,0.0,,67.0,87.0
Gio Urshela,2025.0,59.0,52.9857078344608,13.0,13.0,181.0,181.0,43.0,43.0,0.0,,1.0,,17.0,15.0
,,,,,,,,,,,,,,,
,,,,,,,,,,,,,,,
Jacob Stallings,2025.0,20.0,27.105301777048368,6.0,6.0,119.0,119.0,16.0,16.0,0.0,,0.0,,4.0,5.0
Rowdy Tellez,2025.0,128.0,144.92278880048607,17.0,17.0,289.0,289.0,66.0,66.0,1.0,,0.0,,35.0,39.0
Giancarlo Stanton,2025.0,148.0,137.63157000109433,29.0,29.0,249.0,249.0,68.0,68.0,0.0,,0.0,,52.0,48.0
,,,,,,,,,,,,,,,
,,,,,,,,,,,,,,,
