Player,Zone %,Zone Swing %,Zone Contact %,Chase %,Chase Contact %,Edge %,1st Pitch Swing %,Swing %,Whiff %,Meatball %,Meatball Swing %,BBE,GB %,FB %,LD %,PU %,Pull %,Straight %,Oppo %,Weak %,Topped %,Under %,Flare/Burner %,Solid %,Launch Angle Sweet-Spot %,Pitches,Batted Balls,Barrels,Barrel %,Hard Hit %,Exit Velocity,Launch Angle,XBA,XSLG,XWOBA,XWOBACON,_x,TeamID,Hit_Score,Walk_Score,Bats_Score,Bases_Score,AB,H,2B,3B,HR,BB,_y,TB,Runs,Sprint Speed (ft/s),Lg Rank,% Rank,SB,CS,Team,SB_Score
Jo Adell,47.9,71.5,78.9,29.7,50.9,42.1,38.2,49.7,29.8,7.5,87.0,282,35.5,31.6,23.8,9.2,41.1,34.0,24.8,5.0,27.3,30.1,17.4,7.4,30.5,1840,282,33,11.7,44.7,89.8,15.9,0.224,0.418,0.312,0.397,,108,417.662,1806.68,749.4,243.416,405,84,15,2,20,35,,163,44.0,28.8,83,86,3,0,LA-ANGELS,14.712
Logan O'Hoppe,47.0,72.4,77.3,34.0,45.7,41.4,36.0,52.0,33.6,6.9,80.1,326,38.0,29.4,26.4,6.1,42.3,35.3,22.4,3.1,26.7,24.5,26.7,7.1,42.9,1983,326,39,12.0,46.3,90.4,15.3,0.251,0.454,0.331,0.442,,108,459.556,1968.9,823.1,263.039,479,117,17,1,20,33,,196,57.0,28.1,178,71,2,1,LA-ANGELS,14.381
Taylor Ward,51.0,64.8,82.3,20.8,49.1,42.2,29.9,43.2,25.5,7.9,78.4,430,32.3,36.3,27.7,3.7,32.3,36.3,31.4,1.2,26.0,30.5,22.3,6.7,41.9,2599,430,56,13.0,42.4,90.9,17.4,0.251,0.458,0.344,0.419,,108,528.126,2555.29,1080.7,282.852,585,144,26,2,25,63,,249,80.0,26.8,404,33,2,1,LA-ANGELS,13.744
Gustavo Campero,52.0,78.3,79.2,36.5,64.5,44.1,41.7,58.2,22.3,6.8,83.3,38,50.0,15.8,23.7,10.5,31.6,39.5,28.9,10.5,42.1,18.4,21.1,5.3,28.9,177,38,1,2.6,15.8,83.8,7.7,0.233,0.303,0.255,0.285,,108,191.92,232.67,79.7,133.083,46,11,0,1,1,0,,16,4.0,28.3,142,77,1,0,LA-ANGELS,14.405
Nolan Schanuel,50.0,62.1,89.5,21.5,71.9,42.5,31.1,41.8,14.4,7.9,72.4,426,46.2,22.5,27.7,3.5,39.2,37.8,23.0,3.8,33.3,24.2,30.8,4.0,36.4,2356,426,15,3.5,25.4,86.1,10.3,0.254,0.355,0.318,0.327,,108,500.479,2352.86,1005.0,248.37,519,130,19,0,13,68,,188,63.0,26.4,459,24,4,1,LA-ANGELS,13.518
Mike Trout,53.1,63.6,84.5,18.6,60.0,43.2,16.8,42.5,20.5,7.8,77.8,82,24.4,39.0,23.2,13.4,39.0,25.6,35.4,4.9,15.9,36.6,19.5,6.1,40.2,574,82,14,17.1,41.5,89.2,25.2,0.271,0.591,0.405,0.483,,108,239.694,584.01,229.6,175.222,109,24,1,2,10,16,,59,19.0,28.9,63,90,2,0,LA-ANGELS,14.855
Kyren Paris,48.1,69.9,78.5,20.5,40.0,33.2,32.2,44.4,29.8,9.4,72.7,34,52.9,20.6,26.5,0.0,26.5,38.2,35.3,0.0,50.0,17.6,11.8,14.7,32.4,234,34,2,5.9,35.3,87.8,6.3,0.182,0.31,0.269,0.317,,108,205.064,269.04,94.0,148.399,51,6,2,0,1,7,,11,2.0,28.9,66,89,7,1,LA-ANGELS,14.719
Zach Neto,48.1,67.9,81.7,31.3,53.4,41.5,32.2,48.9,27.1,7.0,76.3,407,45.2,29.2,18.7,6.9,46.2,33.9,19.9,7.1,29.7,24.8,21.1,8.4,29.0,2289,407,34,8.4,38.8,88.5,12.3,0.236,0.414,0.317,0.376,,108,510.122,2290.53,971.6,270.313,542,135,34,1,23,39,,240,72.0,28.2,163,73,18,8,LA-ANGELS,14.417
Luis Rengifo,46.6,80.0,85.4,35.6,61.2,42.8,47.0,56.3,22.3,7.2,87.2,240,55.4,17.1,23.3,4.2,35.8,40.4,23.8,2.1,41.7,20.0,28.7,5.0,30.4,1084,240,6,2.5,32.5,87.0,6.7,0.262,0.352,0.295,0.316,,108,374.596,1161.23,493.2,208.837,283,85,13,1,6,16,,118,40.0,26.9,380,37,2,6,LA-ANGELS,13.745
Niko Kavadas,51.4,59.4,74.6,17.7,35.0,42.2,21.7,39.1,34.1,7.3,76.5,52,17.3,50.0,25.0,7.7,36.5,32.7,30.8,1.9,9.6,46.2,23.1,7.7,42.3,465,52,6,11.5,40.4,91.7,27.3,0.185,0.371,0.292,0.421,,108,223.007,470.76,175.9,171.114,93,17,2,0,4,11,,31,8.0,26.0,494,19,0,0,LA-ANGELS,13.292
Ketel Marte,49.0,71.3,85.6,26.0,59.6,42.4,29.6,48.2,21.3,7.3,82.7,407,48.9,24.8,21.4,4.9,47.4,35.9,16.7,2.0,35.4,18.2,24.6,7.4,33.7,2146,407,50,12.3,53.8,94.0,9.4,0.294,0.538,0.392,0.447,,109,525.545,2171.7,928.7,284.554,504,147,23,2,36,65,,282,105.0,27.1,343,44,2,1,ARIZONA,13.942
Gabriel Moreno,52.2,59.2,85.0,21.6,70.9,44.4,15.1,41.2,18.5,9.3,66.4,256,49.6,21.1,23.8,5.5,27.3,41.8,30.9,2.3,40.6,21.9,22.7,5.9,33.6,1532,256,17,6.6,41.0,90.0,8.8,0.255,0.384,0.325,0.331,,109,384.989,1524.57,638.8,218.956,305,81,18,1,5,41,,116,41.0,27.2,339,44,1,1,ARIZONA,13.925
Jorge Barrosa,51.6,68.8,77.3,40.0,100.0,45.2,16.7,54.8,14.7,11.3,57.1,16,56.3,6.3,25.0,12.5,25.0,56.3,18.8,12.5,37.5,6.3,37.5,0.0,31.3,62,16,1,6.3,25.0,83.2,9.5,0.342,0.427,0.337,0.382,,109,184.638,115.29,29.8,142.444,17,3,2,0,0,0,,5,1.0,28.0,187,69,0,0,ARIZONA,14.337
Jose Herrera,51.9,61.2,83.0,19.9,50.0,40.3,16.7,41.3,24.2,9.2,67.4,78,52.6,17.9,23.1,6.4,52.6,33.3,14.1,12.8,35.9,17.9,25.6,7.7,34.6,501,78,0,0.0,23.1,84.5,9.0,0.214,0.268,0.25,0.289,,109,219.773,523.57,204.9,139.341,97,22,4,1,1,9,,31,9.0,25.0,572,6,0,0,ARIZONA,12.75
Pavin Smith,49.4,59.3,85.9,17.9,54.4,41.4,19.0,38.4,21.5,7.8,69.4,109,43.1,28.4,22.9,5.5,41.3,41.3,17.4,4.6,30.3,22.0,25.7,2.8,34.9,631,109,16,14.7,44.0,90.2,13.1,0.293,0.529,0.395,0.459,,109,270.604,656.61,265.6,186.366,137,37,11,0,9,18,,75,27.0,26.4,455,25,2,2,ARIZONA,13.595
Lourdes Gurriel Jr.,49.7,69.5,88.2,32.9,62.3,41.7,31.9,51.1,20.2,7.3,77.8,417,38.1,27.1,26.1,8.6,40.5,31.9,27.6,3.4,28.3,28.8,25.7,7.2,33.8,2083,417,28,6.7,40.0,88.4,15.7,0.267,0.421,0.319,0.365,,109,517.41,2134.54,916.8,270.079,513,143,22,2,18,29,,223,71.0,26.6,433,29,7,2,ARIZONA,13.619
Adrian Del Castillo,49.4,69.3,77.4,30.6,50.0,43.5,26.4,49.7,31.1,9.2,90.3,52,32.7,38.5,23.1,5.8,40.4,28.8,30.8,3.8,23.1,30.8,26.9,3.8,36.5,336,52,6,11.5,34.6,87.6,18.3,0.215,0.389,0.293,0.397,,109,220.274,374.06,137.2,164.31,80,25,5,0,4,7,,42,15.0,25.5,541,11,0,0,ARIZONA,13.043
Alek Thomas,53.0,66.0,83.1,30.3,52.8,43.5,30.1,49.2,25.1,8.9,66.7,79,60.8,19.0,20.3,0.0,44.3,35.4,20.3,5.1,48.1,11.4,20.3,7.6,26.6,372,79,6,7.6,46.8,91.2,1.0,0.278,0.446,0.337,0.379,,109,256.59,427.52,166.9,175.141,95,18,5,1,3,7,,34,8.0,27.8,228,63,5,2,ARIZONA,14.237
Corbin Carroll,47.2,59.8,85.8,24.9,62.8,41.2,25.6,41.4,20.3,7.3,67.7,471,44.6,22.1,21.2,12.1,37.8,36.5,25.7,4.0,35.7,27.0,18.7,7.0,27.8,2648,471,34,7.2,40.8,89.3,12.0,0.241,0.391,0.324,0.349,,109,557.257,2635.14,1124.1,284.802,589,136,22,14,22,73,,252,80.0,29.6,27,96,13,4,ARIZONA,15.124
Blaze Alexander,48.5,75.1,81.2,29.2,43.9,44.7,38.4,51.5,29.6,7.4,86.8,118,52.5,25.4,16.1,5.9,25.4,36.4,38.1,6.8,37.3,23.7,22.9,5.9,22.9,714,118,4,3.4,34.7,88.5,8.5,0.204,0.281,0.258,0.3,,109,277.534,742.35,296.8,175.273,166,41,7,0,3,15,,57,18.0,28.6,97,84,2,0,ARIZONA,14.558
Geraldo Perdomo,53.5,58.9,89.6,19.3,71.1,46.8,21.6,40.5,12.2,8.1,75.0,291,44.0,25.1,21.6,9.3,36.4,35.4,28.2,7.2,29.9,31.3,25.4,3.1,28.9,1580,291,9,3.1,25.8,87.0,16.9,0.231,0.314,0.281,0.282,,109,389.498,1594.56,677.7,207.203,337,92,21,2,3,36,,126,43.0,27.0,365,40,15,3,ARIZONA,13.781
Jake McCarthy,50.7,67.0,91.1,31.1,58.4,42.6,32.3,49.3,17.6,8.4,80.0,372,52.2,21.0,21.8,5.1,35.5,40.1,24.5,10.2,35.8,21.0,25.8,4.3,30.4,1786,372,10,2.7,24.5,84.5,9.1,0.265,0.359,0.311,0.331,,109,464.368,1850.07,796.2,236.493,442,126,13,7,8,31,,177,59.0,29.8,15,98,3,0,ARIZONA,15.211
Eugenio Suárez,50.6,66.9,81.2,27.0,44.8,42.3,33.8,47.2,29.1,7.9,78.5,406,32.5,33.3,26.4,7.9,49.3,28.8,21.9,4.7,20.4,28.8,25.6,8.9,40.4,2542,406,46,11.3,42.4,89.1,19.5,0.247,0.447,0.33,0.421,,109,510.012,2490.58,1046.8,275.212,571,146,28,2,30,49,,268,84.0,26.5,444,27,1,0,ARIZONA,13.58
Randal Grichuk,48.0,67.6,88.7,28.6,59.9,38.6,26.5,47.3,20.4,7.6,73.5,210,36.2,29.0,22.4,12.4,44.8,37.6,17.6,3.3,23.8,31.0,23.3,7.6,34.3,1088,210,23,11.0,47.6,90.6,17.3,0.278,0.483,0.359,0.401,,109,360.98,1129.4,473.4,220.665,254,74,20,2,12,20,,134,46.0,27.5,279,54,0,1,ARIZONA,14.109
Austin Riley,50.1,72.1,81.3,28.0,49.8,42.9,33.3,50.1,27.5,7.1,86.8,309,36.2,31.1,26.9,5.8,35.9,37.5,26.5,1.3,26.9,27.2,20.7,8.4,37.2,1822,309,46,14.9,53.4,93.3,15.9,0.267,0.505,0.361,0.455,,144,450.46,1817.82,762.9,263.605,425,109,26,2,19,37,,196,62.0,27.9,208,66,2,1,ATLANTA,14.311
Orlando Arcia,49.9,70.8,82.3,27.6,50.3,41.6,32.9,49.1,26.6,7.3,74.1,431,49.9,21.3,20.2,8.6,46.2,33.2,20.6,3.0,40.4,25.8,18.6,6.5,29.9,2332,431,23,5.3,37.8,88.2,8.6,0.206,0.323,0.261,0.297,,144,526.415,2347.24,1001.3,269.831,551,120,24,0,17,41,,195,53.0,25.6,528,13,0,0,ATLANTA,13.061
Ozzie Albies,46.9,82.6,84.4,33.6,68.7,41.7,43.2,56.6,20.5,6.7,90.0,338,38.2,29.0,23.1,9.8,46.7,34.3,18.9,1.2,28.7,34.0,24.9,4.7,33.4,1649,338,21,6.2,32.0,88.4,18.4,0.246,0.387,0.302,0.323,,144,449.161,1709.39,731.3,241.718,399,100,29,1,10,27,,161,48.0,27.2,328,46,8,1,ATLANTA,13.902
Matt Olson,48.1,72.3,78.0,28.7,63.4,43.1,34.0,49.7,26.3,6.9,82.3,435,35.9,30.3,26.0,7.8,38.4,34.7,26.9,3.7,25.3,27.6,23.0,7.4,35.4,2947,435,54,12.4,47.4,91.5,16.1,0.247,0.448,0.341,0.414,,144,541.542,2842.93,1188.6,291.483,600,148,37,1,29,71,,274,89.0,25.5,543,10,0,0,ATLANTA,13.091
Nacho Alvarez Jr.,52.1,61.3,76.3,33.3,57.9,39.5,25.0,47.9,28.1,5.0,83.3,20,50.0,10.0,25.0,15.0,25.0,35.0,40.0,5.0,35.0,25.0,30.0,5.0,30.0,119,20,0,0.0,30.0,83.8,9.8,0.172,0.223,0.206,0.258,,144,187.475,167.29,49.7,136.501,30,3,0,0,0,0,,3,0.0,25.9,504,17,0,0,ATLANTA,13.156
Ronald Acuña Jr.,51.5,71.0,77.0,21.4,56.4,44.1,43.2,47.0,27.5,7.8,84.5,139,51.8,21.6,23.0,3.6,41.7,36.0,22.3,3.6,36.7,18.7,24.5,6.5,31.7,905,139,13,9.4,48.2,92.2,8.5,0.261,0.427,0.35,0.41,,144,303.075,909.95,368.8,195.984,192,48,8,1,4,27,,70,24.0,27.7,242,60,4,0,ATLANTA,14.2
Jarred Kelenic,51.1,69.2,76.7,29.8,41.8,42.5,33.3,49.9,33.4,7.7,80.0,283,35.3,30.0,29.0,5.7,43.5,35.0,21.6,3.5,23.3,27.6,26.9,8.8,38.2,1758,283,28,9.9,45.2,89.8,16.0,0.241,0.412,0.308,0.409,,144,420.467,1743.26,725.5,244.591,412,95,18,2,15,32,,162,46.0,27.9,210,66,0,1,ATLANTA,14.258
Michael Harris II,51.5,69.7,81.5,39.6,62.0,44.4,36.9,55.1,25.1,7.9,73.7,349,49.0,19.5,24.9,6.6,40.7,36.7,22.6,6.0,35.0,18.9,21.8,8.3,33.5,1685,349,35,10.0,47.0,90.5,7.5,0.284,0.461,0.344,0.41,,144,477.736,1752.62,749.8,265.345,440,116,14,3,16,23,,184,55.0,28.3,153,75,12,3,ATLANTA,14.494
Sean Murphy,51.5,62.4,78.9,27.9,54.2,43.8,32.3,45.6,28.4,7.2,76.6,167,53.3,25.7,14.4,6.6,50.9,30.5,18.6,6.0,37.1,22.8,20.4,4.2,25.7,1065,167,16,9.6,36.5,88.0,10.5,0.214,0.399,0.308,0.364,,144,311.233,1069.17,436.4,194.359,233,45,5,1,10,27,,82,23.0,25.2,559,8,0,0,ATLANTA,12.908
Marcell Ozuna,44.1,72.5,77.4,26.5,49.6,40.5,32.0,46.8,31.4,6.6,81.0,440,38.0,31.6,27.3,3.2,46.8,32.0,21.1,3.4,25.2,19.1,25.2,11.4,40.5,2875,440,68,15.5,53.4,92.1,14.4,0.286,0.572,0.402,0.508,,144,552.737,2791.68,1170.5,301.275,606,183,31,0,39,74,,331,125.0,25.7,525,13,0,0,ATLANTA,13.252
Luke Williams,53.5,72.8,85.1,28.7,39.1,45.9,36.5,52.3,25.6,5.2,66.7,34,38.2,41.2,14.7,5.9,41.2,32.4,26.5,2.9,26.5,44.1,17.6,5.9,23.5,172,34,1,2.9,29.4,89.6,18.6,0.166,0.266,0.234,0.257,,144,202.229,223.05,75.4,145.269,46,9,3,0,0,4,,12,3.0,28.6,102,83,3,0,ATLANTA,14.534
Chadwick Tromp,51.1,66.7,74.2,40.4,44.4,50.0,31.5,53.8,36.7,4.9,66.7,36,44.4,25.0,30.6,0.0,36.1,36.1,27.8,5.6,30.6,19.4,33.3,8.3,38.9,182,36,1,2.8,36.1,88.1,6.0,0.244,0.327,0.252,0.36,,144,219.05,241.66,79.8,159.234,52,13,6,0,0,1,,19,5.0,24.2,597,2,0,0,ATLANTA,12.352
Eli White,58.1,66.7,87.1,23.9,43.8,43.8,26.2,48.8,21.8,5.6,77.8,27,59.3,25.9,11.1,3.7,44.4,33.3,22.2,7.4,40.7,18.5,18.5,3.7,25.9,160,27,3,11.1,48.1,88.7,8.3,0.205,0.328,0.263,0.33,,144,209.794,201.94,66.9,158.725,39,11,1,1,1,1,,17,5.0,29.6,26,96,7,1,ATLANTA,15.063
Jorge Mateo,49.6,70.3,84.3,33.4,56.5,45.7,32.2,51.7,23.1,5.5,75.6,149,45.0,23.5,22.1,9.4,40.3,33.6,26.2,5.4,31.5,26.8,24.2,7.4,30.2,820,149,6,4.0,34.9,88.1,14.1,0.228,0.339,0.271,0.328,,110,299.325,857.14,350.3,184.515,192,44,14,2,5,10,,77,21.0,29.9,8,99,14,1,BALTIMORE,15.221
Emmanuel Rivera,47.0,70.8,81.7,28.9,49.4,41.7,32.5,48.6,28.3,7.6,77.3,202,52.0,22.8,20.3,5.0,29.7,44.6,25.7,3.0,37.1,18.3,27.7,5.9,33.7,1151,202,16,7.9,44.1,89.7,8.7,0.25,0.383,0.318,0.369,,110,356.655,1174.82,486.7,215.965,265,63,9,2,5,26,,91,28.0,26.7,408,33,1,0,BALTIMORE,13.668
Colton Cowser,50.1,64.0,79.2,25.0,43.3,42.9,25.9,44.5,30.4,7.0,71.0,330,43.3,30.6,22.4,3.6,34.8,39.4,25.8,3.9,31.2,21.2,22.4,7.6,32.1,2311,330,45,13.6,46.1,90.5,13.0,0.23,0.437,0.326,0.433,,110,456.717,2228.74,924.3,260.583,499,121,24,3,24,52,,223,70.0,28.2,155,75,5,0,BALTIMORE,14.426
Ramón Urías,49.1,74.2,79.5,25.8,55.6,38.9,40.5,49.6,26.8,8.9,84.3,218,43.6,27.5,20.6,8.3,32.1,41.7,26.1,3.2,29.8,28.0,24.8,5.5,32.6,1150,218,19,8.7,38.5,88.3,12.8,0.248,0.429,0.328,0.363,,110,359.283,1187.62,497.6,213.916,272,69,9,2,11,23,,115,36.0,26.9,387,36,2,0,BALTIMORE,13.778
Gunnar Henderson,48.4,66.7,82.5,23.2,57.2,43.4,25.2,44.2,24.4,7.0,77.8,475,47.4,23.6,24.6,4.4,36.6,40.0,23.4,3.2,33.7,18.7,24.4,8.6,34.5,2896,475,53,11.2,53.9,92.8,9.2,0.283,0.492,0.374,0.443,,110,579.445,2838.77,1201.3,304.783,630,177,31,7,37,78,,333,120.0,28.9,71,88,13,3,BALTIMORE,14.824
Cedric Mullins,51.5,73.3,84.3,28.1,62.5,43.6,36.7,51.4,19.1,8.4,82.2,350,35.1,28.0,23.1,13.7,42.3,34.6,23.1,6.3,26.0,36.0,21.4,5.4,31.7,1938,350,17,4.9,33.4,87.1,21.5,0.227,0.355,0.291,0.32,,110,453.874,1948.19,826.4,241.8,444,104,16,3,18,41,,180,54.0,28.3,151,75,14,4,BALTIMORE,14.441
Ryan Mountcastle,47.8,75.8,83.8,38.0,58.6,42.6,39.1,56.1,25.1,7.8,84.6,365,44.4,23.6,27.4,4.7,27.4,39.2,33.4,3.0,33.2,21.1,25.8,7.9,36.2,1901,365,32,8.8,45.2,90.8,10.4,0.272,0.445,0.332,0.408,,110,491.045,1941.69,825.8,268.77,473,128,30,2,13,27,,201,62.0,27.6,262,57,1,0,BALTIMORE,14.132
Ryan O'Hearn,49.5,67.7,89.7,26.2,62.2,41.7,24.4,46.7,18.1,8.5,75.6,377,40.8,27.1,26.0,6.1,36.1,36.3,27.6,2.1,32.1,26.3,23.1,9.3,35.0,1920,377,26,6.9,40.1,89.6,12.0,0.278,0.461,0.351,0.374,,110,483.6,1959.86,839.9,255.485,443,117,21,3,15,46,,189,63.0,27.8,221,64,3,1,BALTIMORE,14.251
Jackson Holliday,49.3,65.6,75.3,27.2,42.1,44.9,33.2,46.1,34.1,7.3,80.0,122,56.6,27.0,13.9,2.5,38.5,36.1,25.4,6.6,34.4,18.9,22.1,9.8,27.0,826,122,10,8.2,45.1,89.3,8.6,0.191,0.326,0.258,0.344,,110,289.592,835.07,333.2,191.353,190,36,4,2,5,15,,59,15.0,29.4,34,95,9,8,BALTIMORE,14.958
Jordan Westburg,50.0,71.6,79.3,30.4,50.4,42.4,38.0,51.0,29.3,6.7,80.7,321,41.7,26.2,26.5,5.6,38.3,39.6,22.1,2.2,29.9,23.7,23.4,9.0,37.4,1634,321,38,11.8,46.1,91.1,13.1,0.281,0.491,0.353,0.429,,110,453.653,1681.07,714.9,258.812,416,110,26,5,18,22,,200,60.0,29.0,56,91,1,2,BALTIMORE,14.853
Adley Rutschman,49.9,60.1,87.9,28.9,72.5,43.4,10.4,44.5,17.1,7.4,63.9,475,34.9,32.0,25.5,7.6,41.5,34.9,23.6,1.9,24.6,33.3,29.3,4.8,35.4,2593,475,29,6.1,36.6,88.2,18.8,0.255,0.393,0.315,0.339,,110,555.63,2595.99,1110.4,282.574,571,143,21,1,19,58,,223,71.0,26.6,437,28,0,0,BALTIMORE,13.615
Heston Kjerstad,47.3,78.5,82.2,35.0,42.3,42.6,45.5,55.6,31.1,6.6,85.7,66,45.5,28.8,21.2,4.5,28.8,40.9,30.3,4.5,31.8,25.8,24.2,7.6,28.8,423,66,4,6.1,43.9,90.2,10.3,0.214,0.349,0.295,0.362,,110,252.913,461.74,173.1,176.974,99,25,2,0,4,10,,39,13.0,28.5,114,81,1,0,BALTIMORE,14.545
Coby Mayo,46.3,67.8,66.1,30.7,32.3,41.0,41.3,47.9,45.6,6.4,83.3,19,47.4,15.8,36.8,0.0,47.4,36.8,15.8,5.3,36.8,21.1,36.8,0.0,52.6,188,19,0,0.0,21.1,84.7,6.0,0.17,0.204,0.222,0.354,,110,186.563,227.55,69.7,136.724,41,4,0,0,0,4,,4,1.0,27.6,252,59,1,0,BALTIMORE,14.022
Masataka Yoshida,51.2,64.7,91.3,25.2,69.4,41.1,18.5,45.4,14.6,8.8,73.6,328,43.9,24.4,26.2,5.5,35.7,37.2,27.1,4.9,31.7,23.8,26.8,7.3,36.3,1593,328,18,5.5,37.5,88.0,10.5,0.258,0.394,0.322,0.326,,111,438.302,1647.03,707.5,233.785,378,106,21,0,10,27,,157,52.0,26.1,488,20,1,0,BOSTON,13.372
Ceddanne Rafaela,48.3,78.6,75.0,46.4,52.7,40.8,50.4,61.9,33.0,7.1,84.4,398,42.5,26.4,22.9,8.3,37.2,36.7,26.1,7.0,30.9,25.6,23.9,5.0,34.9,2070,398,30,7.5,36.9,86.6,14.9,0.229,0.368,0.273,0.355,,111,512.026,2116.56,899.6,276.221,544,134,23,5,15,15,,212,57.0,28.8,81,87,14,3,BOSTON,14.673
Jarren Duran,50.3,68.2,84.1,28.1,52.6,42.7,26.8,48.3,24.8,7.2,78.5,515,46.8,21.0,25.6,6.6,29.9,40.0,30.1,2.7,35.7,20.4,25.4,6.2,33.8,2844,515,48,9.3,43.9,90.8,9.5,0.271,0.448,0.338,0.403,,111,603.504,2840.29,1213.7,308.183,671,191,48,14,21,54,,330,112.0,29.6,25,96,16,5,BOSTON,15.138
Rafael Devers,47.3,73.8,71.9,30.4,62.9,42.7,35.2,50.9,30.9,6.7,81.1,384,41.4,26.6,25.0,7.0,32.3,41.7,26.0,3.6,29.9,22.9,21.4,8.6,35.2,2375,384,50,13.0,52.6,93.2,11.6,0.271,0.507,0.363,0.455,,111,512.034,2336.41,981.3,286.786,525,143,34,5,28,67,,271,96.0,26.5,447,26,1,1,BOSTON,13.613
Connor Wong,51.8,72.2,80.2,29.5,46.4,41.4,35.1,51.6,28.8,6.8,74.6,336,44.3,24.1,22.6,8.9,40.2,33.6,26.2,7.7,30.1,25.6,24.4,5.4,30.7,1865,336,21,6.3,34.5,86.5,12.9,0.231,0.355,0.288,0.342,,111,448.028,1880.41,794.7,242.029,447,125,24,1,13,28,,190,61.0,28.4,130,79,1,1,BOSTON,14.488
Wilyer Abreu,49.4,68.4,76.4,28.2,55.0,43.6,25.1,48.1,29.6,6.7,76.0,279,34.1,34.1,23.3,8.6,43.7,32.6,23.7,1.4,24.0,31.5,23.3,7.5,33.7,1806,279,31,11.1,50.5,91.6,19.2,0.231,0.421,0.32,0.406,,111,419.528,1774.82,737.1,247.399,399,101,33,2,15,40,,183,59.0,27.5,273,55,5,3,BOSTON,14.07
Trevor Story,49.3,70.1,82.9,34.9,43.9,43.2,32.7,52.3,30.3,8.3,61.3,61,34.4,26.2,27.9,11.5,32.8,34.4,32.8,3.3,24.6,34.4,27.9,3.3,37.7,373,61,4,6.6,29.5,86.1,18.6,0.193,0.29,0.255,0.322,,111,227.024,415.59,154.6,160.971,94,24,7,0,2,11,,37,12.0,28.1,181,70,17,0,BOSTON,14.305
Nick Sogard,51.1,68.5,82.8,27.6,53.2,41.1,39.5,48.6,25.4,8.0,85.7,54,33.3,24.1,37.0,5.6,38.9,44.4,16.7,3.7,25.9,22.2,40.7,5.6,48.1,348,54,1,1.9,31.5,87.4,15.7,0.279,0.363,0.309,0.402,,111,221.471,382.31,142.2,153.777,77,21,4,0,0,7,,25,8.0,27.7,248,59,0,0,BOSTON,14.159
Rob Refsnyder,52.2,65.9,79.2,24.7,48.6,42.6,28.8,46.2,28.1,8.5,78.4,195,46.2,22.6,24.6,6.7,37.4,37.4,25.1,4.6,31.3,21.5,27.7,4.6,32.8,1202,195,19,9.7,43.1,89.6,10.7,0.252,0.412,0.326,0.399,,111,343.157,1205.43,497.1,210.341,272,77,16,1,11,28,,128,45.0,27.3,318,48,3,0,BOSTON,13.976
David Hamilton,51.4,66.3,82.3,24.2,44.3,41.8,34.1,45.9,25.6,7.6,74.7,214,37.4,29.4,28.0,5.1,41.1,31.3,27.6,6.1,27.1,28.5,25.2,7.5,38.3,1190,214,12,5.6,32.2,87.0,15.8,0.231,0.346,0.281,0.342,,111,342.438,1213.99,506.8,198.931,294,73,17,1,8,22,,116,35.0,29.4,35,94,15,3,BOSTON,14.981
Triston Casas,50.2,65.8,74.0,23.1,50.0,43.4,27.8,44.5,32.2,6.8,70.1,135,43.7,31.1,21.5,3.7,34.8,41.5,23.7,5.9,31.1,20.7,21.5,7.4,35.6,991,135,18,13.3,45.2,90.2,10.5,0.219,0.452,0.33,0.446,,111,299.367,976.83,391.8,200.907,212,51,8,0,13,30,,98,33.0,24.1,599,1,0,0,BOSTON,12.38
Michael Busch,48.3,68.6,79.6,23.2,48.2,45.2,32.2,45.2,28.4,7.2,86.5,338,38.8,32.0,22.8,6.5,40.5,35.2,24.3,4.1,28.1,29.0,20.7,6.5,36.4,2365,338,38,11.2,39.9,89.9,17.2,0.217,0.418,0.319,0.399,,112,453.745,2278.58,946.1,252.866,496,123,28,2,21,63,,218,73.0,27.3,315,48,4,0,CHI-CUBS,13.969
Seiya Suzuki,48.6,59.6,83.4,20.7,53.9,42.3,13.4,39.6,24.5,7.5,70.9,356,33.7,34.0,26.7,5.6,32.6,44.9,22.5,0.8,23.9,28.1,25.3,10.1,38.8,2509,356,41,11.5,49.2,91.7,16.2,0.255,0.453,0.346,0.437,,112,478.369,2408.44,1001.9,267.678,512,145,27,6,21,63,,247,89.0,28.3,147,76,3,2,CHI-CUBS,14.496
Miguel Amaya,50.2,74.2,85.9,33.6,57.4,41.4,38.8,54.0,22.5,7.0,85.6,274,45.3,23.0,25.2,6.6,34.3,33.9,31.8,6.2,31.8,24.8,25.2,6.9,33.9,1291,274,13,4.7,33.9,88.4,11.1,0.251,0.371,0.3,0.329,,112,399.676,1359.45,579.1,221.174,328,76,13,2,8,23,,117,33.0,25.5,545,10,0,0,CHI-CUBS,13.05
Ian Happ,50.8,67.8,78.5,23.2,52.7,45.0,34.0,45.9,27.9,7.1,80.2,403,39.2,30.3,22.8,7.7,38.7,34.0,27.3,3.5,26.8,26.6,23.6,7.7,37.0,2721,403,47,11.7,45.2,90.8,15.1,0.243,0.446,0.345,0.416,,112,510.429,2627.83,1098.4,276.401,569,138,34,2,25,80,,251,84.0,27.9,204,66,4,2,CHI-CUBS,14.295
Pete Crow-Armstrong,50.3,79.7,73.2,41.4,57.9,42.5,50.7,60.7,29.9,8.9,82.7,285,42.5,29.8,21.8,6.0,40.7,35.4,23.9,11.6,25.6,28.8,20.7,6.0,33.3,1421,285,21,7.4,36.8,88.9,17.2,0.223,0.367,0.281,0.343,,112,417.931,1480.06,625.8,239.87,372,88,13,6,10,21,,143,40.0,30.0,6,99,28,5,CHI-CUBS,15.281
Nico Hoerner,51.7,63.7,92.7,31.8,77.5,43.6,27.0,48.4,11.9,7.4,71.3,519,43.9,19.5,29.9,6.7,33.3,37.4,29.3,4.2,35.3,26.0,31.0,2.1,36.0,2314,519,6,1.2,27.6,85.7,10.4,0.28,0.353,0.313,0.313,,112,581.592,2416.96,1057.5,279.218,582,159,35,1,7,44,,217,70.0,28.4,133,78,19,3,CHI-CUBS,14.513
Dansby Swanson,52.7,71.0,77.3,24.0,51.3,43.9,36.3,48.7,28.7,8.2,88.7,393,49.9,23.2,21.6,5.3,43.3,36.1,20.6,3.3,36.1,21.1,22.4,7.9,32.6,2355,393,36,9.2,42.7,89.4,10.4,0.244,0.416,0.321,0.388,,112,500.95,2325.91,981.6,268.124,534,129,27,2,16,54,,208,65.0,27.8,223,63,8,3,CHI-CUBS,14.221
Rece Hinds,44.8,73.2,80.0,41.6,35.7,42.1,52.9,55.7,38.2,4.9,88.9,30,30.0,43.3,20.0,6.7,36.7,36.7,26.7,3.3,20.0,36.7,20.0,0.0,40.0,183,30,6,20.0,40.0,91.6,18.9,0.247,0.609,0.388,0.544,,113,225.382,239.62,75.9,185.918,46,12,4,1,5,4,,33,11.0,29.2,47,92,0,0,CINCINNATI,14.988
Jacob Hurtubise,53.7,60.9,80.4,23.8,67.7,42.0,42.6,43.8,20.3,7.8,68.2,41,34.1,24.4,34.1,7.3,36.6,36.6,26.8,19.5,14.6,36.6,26.8,2.4,39.0,281,41,0,0.0,14.6,82.8,20.6,0.192,0.25,0.265,0.289,,113,180.553,310.02,113.0,125.035,54,10,1,1,0,6,,13,3.0,26.9,373,39,0,0,CINCINNATI,13.715
Austin Wynns,56.0,61.9,84.6,39.4,53.8,46.7,30.0,52.0,25.6,9.3,71.4,14,35.7,21.4,35.7,7.1,42.9,28.6,28.6,0.0,14.3,28.6,42.9,14.3,50.0,75,14,0,0.0,35.7,91.5,15.8,0.289,0.367,0.307,0.388,,113,195.47,129.61,32.3,145.82,19,7,4,0,0,0,,11,4.0,25.2,563,7,0,0,CINCINNATI,12.907
Christian Encarnacion-Strand,48.6,72.1,84.8,40.5,46.8,44.6,35.8,55.9,29.4,8.9,77.5,83,48.2,22.9,16.9,12.0,43.4,33.7,22.9,6.0,32.5,24.1,22.9,4.8,27.7,451,83,7,8.4,37.3,87.8,15.5,0.24,0.432,0.299,0.402,,113,256.606,502.92,193.4,178.069,116,22,6,0,2,4,,34,7.0,27.4,302,50,0,2,CINCINNATI,13.999
Will Benson,52.0,71.2,68.4,22.0,33.7,41.9,36.6,47.6,39.0,7.2,88.3,192,35.9,35.4,22.9,5.7,49.5,31.3,19.3,4.2,25.5,30.7,23.4,4.7,36.5,1656,192,22,11.5,40.1,89.4,18.2,0.18,0.333,0.268,0.392,,113,338.122,1568.1,631.2,212.54,343,64,19,2,14,40,,129,35.0,28.8,78,87,1,2,CINCINNATI,14.668
TJ Friedl,51.3,61.8,88.5,24.0,63.3,43.2,16.1,43.4,17.9,8.2,75.2,251,38.2,27.9,24.3,9.6,47.4,32.7,19.9,9.6,26.3,33.1,21.9,5.6,29.9,1286,251,8,3.2,31.5,86.0,16.7,0.228,0.318,0.292,0.291,,113,367.435,1324.63,561.5,203.226,297,67,5,1,13,26,,113,33.0,26.5,450,26,10,3,CINCINNATI,13.542
Noelvi Marte,45.6,74.4,80.9,37.1,46.1,41.0,45.5,54.1,32.1,7.4,80.0,155,45.8,21.3,22.6,10.3,36.8,36.1,27.1,4.5,34.8,25.8,21.9,6.5,33.5,882,155,10,6.5,36.1,87.0,11.4,0.225,0.346,0.268,0.364,,113,312.602,918.82,373.1,195.551,229,48,9,0,4,9,,69,17.0,28.8,84,86,5,2,CINCINNATI,14.668
Blake Dunn,46.7,64.3,72.2,28.1,44.4,49.2,41.4,45.0,37.0,7.5,88.9,15,46.7,26.7,6.7,20.0,33.3,33.3,33.3,0.0,40.0,40.0,13.3,0.0,26.7,120,15,1,6.7,13.3,85.7,22.7,0.153,0.28,0.238,0.32,,113,169.518,164.42,46.5,134.762,26,4,1,0,1,2,,8,2.0,29.3,37,94,1,1,CINCINNATI,14.888
Elly De La Cruz,47.3,61.7,75.6,26.9,45.3,41.2,33.4,43.4,33.4,6.7,76.5,403,47.1,24.8,24.8,3.2,43.4,34.0,22.6,3.7,33.0,21.1,22.8,6.2,35.7,2751,403,51,12.7,45.7,91.8,9.7,0.24,0.428,0.328,0.44,,113,514.686,2655.24,1107.4,281.465,618,160,36,10,25,69,,291,97.0,30.0,3,100,27,6,CINCINNATI,15.328
Spencer Steer,49.2,64.8,86.6,24.8,52.1,43.2,22.9,44.5,23.1,7.3,75.4,439,37.8,29.4,23.0,9.8,42.8,32.6,24.6,5.5,27.3,29.2,23.7,7.7,34.2,2621,439,28,6.4,39.9,88.0,17.4,0.235,0.379,0.315,0.345,,113,531.152,2583.55,1093.6,274.171,574,129,34,4,20,72,,231,72.0,28.2,165,73,6,1,CINCINNATI,14.415
Jeimer Candelario,48.0,70.1,79.1,34.6,55.5,43.1,38.7,51.7,29.1,7.1,75.4,316,41.5,30.7,22.2,5.7,45.9,31.3,22.8,5.4,32.6,25.9,21.8,5.7,33.9,1781,316,26,8.2,34.5,86.9,12.4,0.221,0.364,0.28,0.34,,113,433.359,1795.48,755.5,239.848,427,96,23,2,20,27,,183,50.0,27.4,303,50,0,1,CINCINNATI,13.98
Jake Fraley,53.1,81.2,84.3,31.6,62.4,42.1,50.5,57.9,21.3,7.1,92.6,283,44.2,21.2,27.2,7.4,43.5,32.5,24.0,6.4,35.3,25.8,25.1,3.5,34.6,1331,283,9,3.2,24.7,84.3,11.1,0.245,0.323,0.285,0.313,,113,393.441,1399.23,597.4,209.941,350,97,19,2,5,26,,135,44.0,28.3,143,77,4,2,CINCINNATI,14.435
Tyler Stephenson,49.2,63.4,86.8,23.7,52.8,42.3,32.2,43.2,22.7,7.7,67.1,342,47.7,27.2,21.3,3.8,39.2,36.5,24.3,2.0,35.1,22.2,25.1,6.1,33.0,1947,342,31,9.1,43.9,90.2,10.9,0.241,0.403,0.322,0.373,,113,459.647,1946.5,823.5,251.393,457,118,26,1,19,48,,203,67.0,26.5,442,27,0,1,CINCINNATI,13.572
Santiago Espinal,51.4,68.8,90.2,28.0,70.2,41.1,29.2,49.0,14.8,8.2,80.6,311,39.5,25.1,27.3,8.0,37.0,30.5,32.5,3.9,30.9,29.9,29.3,4.2,35.0,1505,311,6,1.9,24.1,85.9,15.0,0.258,0.344,0.288,0.306,,113,409.162,1561.32,669.2,213.02,357,88,12,0,9,24,,127,37.0,27.3,320,47,2,1,CINCINNATI,13.938
Daniel Schneemann,49.2,74.5,75.5,24.5,47.3,42.5,39.8,49.1,31.7,7.9,85.9,126,44.4,25.4,25.4,4.8,40.5,40.5,19.0,2.4,31.7,23.8,31.7,5.6,41.3,901,126,6,4.8,38.1,88.5,11.1,0.209,0.307,0.277,0.348,,114,286.058,897.45,358.5,182.936,193,42,10,2,5,25,,71,22.0,28.3,149,76,7,1,CLEVELAND,14.427
Jhonkensy Noel,42.7,66.1,80.5,45.0,49.7,43.1,39.4,54.1,34.2,6.7,73.5,117,35.0,29.1,19.7,16.2,52.1,28.2,19.7,1.7,32.5,31.6,15.4,4.3,30.8,725,117,17,14.5,36.8,88.6,19.3,0.218,0.435,0.323,0.439,,114,284.286,759.31,299.4,198.121,179,39,7,1,13,13,,87,24.0,28.1,183,70,0,0,CLEVELAND,14.373
David Fry,49.4,71.0,83.8,28.0,54.0,42.2,35.7,49.2,24.8,6.5,74.7,255,34.1,32.9,24.3,8.6,47.1,31.0,22.0,3.5,24.3,29.4,29.0,6.3,36.9,1515,255,19,7.5,37.6,88.3,19.6,0.246,0.394,0.326,0.365,,114,384.251,1517.26,633.0,220.925,335,88,18,1,14,42,,150,52.0,26.2,474,22,1,0,CLEVELAND,13.426
Bo Naylor,51.0,65.7,78.7,27.2,53.9,44.2,30.2,46.9,28.3,7.6,79.0,236,36.0,30.1,22.0,11.9,43.2,36.4,20.3,4.7,24.6,33.9,21.6,6.8,32.6,1624,236,19,8.1,37.7,88.8,19.9,0.196,0.326,0.26,0.34,,114,370.726,1585.26,652.4,219.793,354,71,10,2,13,29,,124,32.0,26.6,434,28,1,2,CLEVELAND,13.56
Gabriel Arias,52.1,80.1,70.1,40.1,41.4,44.8,52.8,60.9,38.4,8.1,93.6,101,51.5,15.8,26.7,5.9,34.7,42.6,22.8,5.9,38.6,15.8,24.8,6.9,35.6,578,101,8,7.9,36.6,89.7,5.6,0.221,0.368,0.274,0.389,,114,277.569,624.68,244.1,188.571,153,34,9,1,3,6,,54,14.0,27.4,306,50,3,3,CLEVELAND,13.974
Austin Hedges,54.0,76.0,74.7,29.0,35.6,44.7,45.9,54.5,32.9,8.2,82.2,87,36.8,34.5,16.1,12.6,52.9,28.7,18.4,10.3,23.0,42.5,17.2,5.7,24.1,547,87,1,1.1,24.1,84.8,21.4,0.127,0.179,0.166,0.208,,114,236.504,578.09,225.0,154.851,132,20,3,0,2,6,,29,5.0,25.3,557,8,1,0,CLEVELAND,12.816
Will Brennan,51.0,75.1,86.6,33.7,70.0,43.6,40.9,54.8,18.1,6.9,87.1,283,42.4,25.1,24.7,7.8,36.7,38.2,25.1,6.4,30.4,26.9,27.6,4.2,31.1,1230,283,13,4.6,32.5,86.0,13.3,0.269,0.374,0.302,0.326,,114,403.332,1317.73,567.1,221.207,330,87,13,2,8,19,,128,39.0,28.2,164,73,0,1,CLEVELAND,14.402
Johnathan Rodríguez,45.1,65.8,71.2,28.1,37.0,45.7,42.5,45.1,40.5,5.7,40.0,17,82.4,11.8,5.9,0.0,35.3,52.9,11.8,5.9,52.9,11.8,29.4,0.0,11.8,175,17,0,0.0,47.1,91.3,-10.8,0.134,0.157,0.257,0.239,,114,218.761,212.12,64.4,159.051,31,4,1,0,0,9,,5,2.0,26.8,392,35,0,0,CLEVELAND,13.657
Brayan Rocchio,46.9,68.3,80.6,29.9,57.7,43.9,34.9,47.9,24.3,7.5,71.2,300,47.7,25.0,20.7,6.7,37.7,40.7,21.7,9.7,34.0,26.7,21.3,4.0,36.0,1669,300,12,4.0,22.3,84.6,9.4,0.21,0.302,0.275,0.287,,114,405.359,1685.25,710.7,217.532,383,79,18,0,8,44,,121,35.0,26.8,393,35,2,4,CLEVELAND,13.675
Angel Martínez,48.6,62.0,88.2,35.9,65.6,44.0,29.0,48.6,19.8,8.0,77.8,121,44.6,24.8,21.5,9.1,41.3,41.3,17.4,5.8,36.4,27.3,23.1,5.8,29.8,677,121,2,1.7,32.2,86.5,14.9,0.223,0.304,0.271,0.294,,114,274.961,714.29,287.8,173.424,151,35,7,0,3,15,,51,15.0,27.6,258,58,6,2,CLEVELAND,14.071
Lane Thomas,50.7,64.0,82.8,22.9,59.1,44.0,28.3,43.8,23.3,8.4,73.7,340,39.1,26.8,23.2,10.9,40.0,37.1,22.9,3.2,27.1,27.4,27.9,7.1,31.5,2080,340,25,7.4,40.6,88.8,17.0,0.242,0.377,0.307,0.374,,114,452.888,2050.06,862.0,247.419,472,112,26,3,15,44,,189,57.0,29.3,43,93,4,1,CLEVELAND,14.957
José Ramírez,47.6,68.9,90.6,31.7,73.2,44.3,16.9,49.4,15.2,6.8,77.0,544,34.2,31.1,22.6,12.1,51.3,30.1,18.6,2.9,25.9,34.4,19.7,8.5,34.0,2735,544,47,8.6,39.7,89.2,19.6,0.259,0.453,0.329,0.35,,114,615.543,2780.46,1201.3,307.778,620,173,39,2,39,54,,333,112.0,28.2,156,74,31,7,CLEVELAND,14.429
Steven Kwan,51.7,57.6,95.3,19.2,79.6,43.4,11.1,39.1,8.2,8.4,67.8,431,37.4,28.3,27.8,6.5,30.4,37.6,32.0,4.4,28.1,31.8,27.8,5.3,38.5,2165,431,11,2.6,23.7,86.3,14.9,0.284,0.385,0.333,0.325,,114,498.836,2201.52,951.2,244.826,480,140,16,3,14,53,,204,74.0,27.1,348,43,11,2,CLEVELAND,13.883
Kyle Manzardo,51.3,64.7,81.0,27.7,51.2,41.5,28.2,46.7,27.6,8.3,69.8,105,28.6,40.0,23.8,7.6,38.1,35.2,26.7,3.8,20.0,40.0,16.2,10.5,31.4,636,105,10,9.5,40.0,89.1,22.1,0.197,0.377,0.271,0.337,,114,268.277,664.12,264.3,184.069,145,34,12,0,5,9,,61,17.0,25.9,509,16,1,0,CLEVELAND,13.221
Justyn-Henry Malloy,53.3,65.0,72.1,19.7,30.8,41.9,23.5,43.9,36.6,8.5,72.6,119,36.1,40.3,16.8,6.7,44.5,29.4,26.1,3.4,26.9,30.3,21.8,6.7,31.9,992,119,13,10.9,37.8,87.6,18.7,0.179,0.327,0.267,0.365,,116,272.681,961.67,380.9,183.974,202,41,7,1,8,23,,74,21.0,26.6,431,29,0,0,DETROIT,13.567
Matt Vierling,51.9,62.1,87.0,22.0,60.5,42.1,18.5,42.8,19.5,8.5,72.8,402,42.0,23.6,26.4,8.0,36.8,37.6,25.6,3.5,33.8,25.1,23.9,5.5,34.1,2312,402,30,7.5,40.9,89.8,11.7,0.256,0.393,0.309,0.362,,116,501.85,2295.96,975.0,263.334,518,133,28,5,16,41,,219,68.0,28.8,79,87,2,0,DETROIT,14.709
Javier Báez,42.7,64.9,82.3,43.2,55.6,38.3,33.3,52.4,30.2,6.5,62.1,206,46.6,25.7,20.9,6.8,41.3,38.8,19.9,3.4,37.9,25.7,18.4,6.3,27.7,1028,206,16,7.8,40.0,88.3,11.2,0.222,0.345,0.264,0.326,,116,359.72,1088.05,452.6,219.3,272,50,12,0,6,12,,80,17.0,27.5,272,55,3,1,DETROIT,14.014
Andy Ibáñez,49.5,73.6,78.1,32.4,48.7,41.4,29.1,52.8,30.8,6.7,73.8,163,34.4,26.4,25.2,14.1,39.3,33.1,27.6,2.5,22.7,35.0,29.4,5.5,33.7,917,163,8,4.9,33.1,88.1,20.3,0.214,0.324,0.268,0.324,,116,311.433,951.18,389.2,193.172,224,54,9,1,5,15,,80,23.0,27.6,254,58,3,0,DETROIT,14.068
Trey Sweeney,50.0,67.0,82.0,33.5,37.3,41.1,29.4,50.2,32.4,8.7,84.6,79,44.3,29.1,19.0,7.6,35.4,50.6,13.9,1.3,39.2,22.8,17.7,10.1,27.8,448,79,7,8.9,46.8,91.1,12.8,0.211,0.411,0.298,0.378,,116,268.39,493.45,189.7,191.21,110,24,5,0,4,7,,41,11.0,28.1,166,73,3,1,DETROIT,14.348
Ryan Kreidler,50.2,68.9,72.5,23.7,48.4,43.0,46.2,46.4,32.0,9.1,91.7,40,47.5,27.5,15.0,10.0,47.5,30.0,22.5,12.5,30.0,32.5,17.5,2.5,17.5,263,40,2,5.0,22.5,82.0,13.2,0.17,0.252,0.231,0.272,,116,190.633,299.64,106.9,136.437,59,7,0,0,1,6,,10,2.0,27.5,292,52,2,0,DETROIT,13.981
Kerry Carpenter,47.5,70.4,81.6,32.2,46.0,43.5,27.8,50.5,30.3,7.6,75.3,192,37.0,37.5,19.8,5.7,41.7,33.3,25.0,3.1,25.5,24.0,23.4,5.7,40.1,1131,192,34,17.7,46.4,90.5,17.6,0.265,0.555,0.379,0.487,,116,349.749,1151.41,473.7,226.12,264,75,16,5,18,22,,155,53.0,27.7,246,60,1,1,DETROIT,14.229
Parker Meadows,48.9,65.9,83.1,25.8,46.9,41.9,21.5,45.5,27.0,7.7,74.2,196,33.2,31.1,25.0,10.7,36.2,41.8,21.9,4.6,23.5,34.7,23.0,6.1,34.7,1214,196,15,7.7,32.3,87.0,18.5,0.229,0.378,0.298,0.362,,116,334.136,1216.81,501.4,202.25,270,66,12,6,9,25,,117,36.0,29.3,44,93,3,0,DETROIT,14.948
Jace Jung,50.8,64.8,80.3,26.3,40.0,47.2,25.5,45.9,31.1,6.5,72.0,50,50.0,20.0,22.0,8.0,30.0,36.0,34.0,6.0,28.0,22.0,38.0,2.0,32.0,386,50,2,4.0,34.0,86.4,11.0,0.219,0.287,0.293,0.344,,116,217.937,410.04,150.8,153.338,79,19,5,0,0,15,,24,9.0,26.0,500,18,0,0,DETROIT,13.293
Wenceel Pérez,48.3,65.0,84.2,28.4,66.7,42.7,24.0,46.1,20.9,7.3,64.6,300,36.0,26.0,27.7,10.3,39.7,37.7,22.7,3.7,26.7,31.3,26.7,6.3,37.7,1754,300,13,4.3,30.6,88.4,18.0,0.241,0.354,0.291,0.337,,116,412.777,1751.19,736.2,226.109,389,94,16,6,9,32,,149,45.0,28.2,159,74,3,0,DETROIT,14.391
Colt Keith,49.2,67.9,86.6,29.9,55.6,41.8,27.8,48.6,23.2,7.4,85.2,408,44.1,25.0,26.0,4.9,36.3,37.0,26.7,4.2,30.4,25.2,29.4,5.1,34.6,2022,408,23,5.6,35.3,87.8,11.3,0.266,0.393,0.311,0.361,,116,506.629,2076.26,892.2,262.794,516,134,15,4,13,36,,196,60.0,27.7,237,61,0,0,DETROIT,14.161
Akil Baddoo,50.3,65.6,73.3,30.4,43.8,45.0,31.7,48.1,34.6,6.6,85.7,47,38.3,31.9,14.9,14.9,53.2,38.3,8.5,0.0,29.8,31.9,19.1,6.4,25.5,318,47,6,12.8,46.8,91.1,21.0,0.197,0.397,0.297,0.401,,116,234.737,355.12,128.3,182.587,73,10,2,2,2,8,,22,5.0,28.1,174,71,1,0,DETROIT,14.347
Spencer Torkelson,52.3,66.9,82.3,23.2,45.7,44.1,25.2,46.0,26.6,7.9,78.4,238,34.5,31.1,21.0,13.4,47.1,31.9,21.0,2.9,27.3,36.6,21.0,5.0,31.5,1593,238,16,6.7,39.7,89.0,20.2,0.209,0.351,0.283,0.345,,116,370.978,1560.45,644.5,216.196,342,75,21,1,10,33,,128,37.0,27.2,324,47,1,1,DETROIT,13.883
Jake Rogers,51.2,68.3,75.2,25.9,45.3,43.7,37.2,47.6,32.7,6.7,82.1,213,40.4,32.9,21.1,5.6,44.1,38.5,17.4,5.2,28.2,25.4,21.6,9.4,32.9,1258,213,21,9.9,41.8,89.0,15.7,0.218,0.413,0.297,0.391,,116,358.886,1270.57,526.5,219.322,310,61,16,1,10,22,,109,27.0,27.1,353,42,0,0,DETROIT,13.847
Riley Greene,48.8,66.3,80.6,23.1,54.2,41.6,30.2,44.3,26.8,7.6,74.7,358,43.6,27.7,24.9,3.9,37.4,39.4,23.2,1.4,32.7,21.2,22.9,8.1,39.1,2415,358,48,13.4,47.1,91.3,12.2,0.253,0.477,0.353,0.445,,116,478.468,2337.7,975.1,267.189,512,134,27,6,24,64,,245,84.0,27.7,250,59,1,1,DETROIT,14.203
Dillon Dingler,52.3,71.1,74.8,36.7,63.8,49.2,33.3,54.7,28.7,7.9,80.8,54,44.4,20.4,27.8,7.4,37.0,35.2,27.8,5.6,25.9,22.2,31.5,11.1,35.2,331,54,2,3.7,48.1,89.8,9.6,0.241,0.378,0.28,0.413,,116,240.687,373.57,137.1,171.24,84,14,5,2,1,3,,26,5.0,27.5,281,54,0,0,DETROIT,14.03
Zach McKinstry,51.0,66.7,84.9,27.9,57.3,44.5,28.0,47.7,22.1,7.2,82.2,230,32.6,31.3,29.6,6.5,37.8,37.0,25.2,3.9,23.0,30.9,30.0,7.8,37.8,1249,230,10,4.3,32.6,88.0,18.7,0.238,0.364,0.294,0.337,,116,359.234,1277.85,535.7,206.718,297,64,14,5,4,24,,100,27.0,28.4,129,79,16,3,DETROIT,14.494
Chas McCormick,47.9,74.4,74.4,33.6,54.8,37.8,43.4,53.2,31.3,7.9,82.5,174,44.8,30.5,18.4,6.3,35.1,42.5,22.4,8.6,25.9,29.3,24.7,4.0,32.2,1010,174,13,7.5,32.8,86.2,15.2,0.223,0.355,0.285,0.353,,117,322.321,1036.77,424.8,200.61,242,51,6,1,5,17,,74,19.0,28.7,92,85,2,3,HOUSTON,14.635
Mauricio Dubón,49.6,79.4,83.7,41.2,75.1,44.0,47.4,60.1,18.8,8.5,87.8,355,43.9,23.9,23.9,8.2,32.1,35.5,32.4,5.4,33.5,29.6,25.1,3.1,30.4,1450,355,10,2.8,26.5,86.1,14.6,0.248,0.33,0.272,0.293,,117,458.063,1569.68,683.5,239.647,402,108,25,0,4,16,,145,43.0,27.3,317,48,2,0,HOUSTON,13.922
Shay Whitcomb,48.6,70.5,87.1,23.7,68.2,35.9,21.7,46.4,17.9,6.6,66.7,33,33.3,30.3,27.3,9.1,39.4,39.4,21.2,3.0,15.2,39.4,30.3,6.1,39.4,181,33,2,6.1,42.4,88.8,18.1,0.28,0.42,0.344,0.375,,117,209.792,223.07,77.4,154.448,41,9,3,0,0,5,,12,4.0,27.4,300,51,0,0,HOUSTON,14.044
Jeremy Peña,48.1,72.9,87.3,36.9,49.7,41.5,41.6,54.2,24.9,7.3,81.3,500,50.4,23.0,21.8,4.8,40.2,37.2,22.6,3.8,39.8,21.6,23.2,5.4,29.2,2272,500,27,5.4,38.8,88.2,7.5,0.263,0.394,0.31,0.349,,117,589.817,2373.25,1031.6,296.565,602,160,28,2,15,25,,237,70.0,29.8,12,98,15,2,HOUSTON,15.21
Yainer Diaz,46.2,77.7,86.4,42.6,59.8,40.1,44.3,58.8,24.0,6.5,85.6,486,51.2,18.7,25.5,4.5,38.3,40.5,21.2,2.1,36.8,16.0,28.8,8.4,35.0,2128,486,37,7.6,47.5,90.2,8.9,0.299,0.458,0.339,0.395,,117,593.069,2246.75,978.6,307.122,585,175,29,3,16,24,,258,84.0,27.1,341,44,1,1,HOUSTON,13.889
Jon Singleton,48.5,59.9,78.8,22.6,47.6,44.7,24.7,40.7,30.1,6.6,75.0,247,39.7,30.8,24.3,5.3,38.9,36.4,24.7,4.5,27.1,29.6,25.1,4.5,34.8,1626,247,22,8.9,37.2,88.7,12.8,0.228,0.382,0.31,0.378,,117,376.635,1595.9,660.7,219.944,355,83,13,1,13,47,,137,44.0,25.9,512,16,0,0,HOUSTON,13.26
Zach Dezenzo,51.8,67.7,72.1,33.9,60.0,39.6,29.2,51.4,31.7,8.6,66.7,40,47.5,30.0,17.5,5.0,35.0,37.5,27.5,7.5,35.0,20.0,20.0,7.5,30.0,245,40,4,10.0,40.0,87.5,10.5,0.223,0.435,0.298,0.432,,117,219.591,289.99,101.5,166.592,62,15,2,0,2,3,,23,6.0,28.3,141,77,1,0,HOUSTON,14.448
Jose Altuve,45.3,68.6,86.5,37.3,62.7,41.1,46.0,51.5,22.1,7.5,76.0,509,43.0,25.9,25.9,5.1,51.3,34.6,14.1,7.9,28.7,24.4,28.5,3.9,35.4,2454,509,33,6.5,31.2,86.5,14.1,0.262,0.399,0.316,0.352,,117,584.606,2526.06,1092.5,292.839,628,185,31,0,20,47,,276,95.0,27.1,340,44,6,6,HOUSTON,13.866
Victor Caratini,51.2,67.5,84.7,25.8,55.0,45.3,28.6,47.2,23.3,5.7,79.7,195,49.2,24.1,24.1,2.6,41.0,33.8,25.1,1.5,36.4,23.1,27.2,6.2,35.9,1039,195,11,5.6,43.1,91.2,9.3,0.262,0.395,0.322,0.362,,117,342.486,1074.44,448.2,203.636,245,66,8,1,8,23,,100,33.0,24.4,594,2,1,0,HOUSTON,12.522
César Salazar,50.5,71.4,80.0,30.9,70.6,38.7,31.3,51.4,22.8,5.4,100.0,22,31.8,22.7,40.9,4.5,50.0,22.7,27.3,4.5,13.6,31.8,50.0,0.0,45.5,111,22,0,0.0,13.6,85.6,17.7,0.323,0.376,0.338,0.365,,117,167.901,160.79,48.7,118.978,25,8,2,0,0,2,,10,4.0,25.5,537,11,0,0,HOUSTON,13.088
Yordan Alvarez,46.1,68.0,88.5,30.5,63.5,43.5,35.4,47.8,19.9,6.1,79.1,461,33.4,36.2,23.9,6.5,36.4,38.4,25.2,3.3,19.5,30.6,24.5,7.6,35.4,2264,461,67,14.5,49.7,93.1,18.3,0.303,0.595,0.411,0.457,,117,566.643,2321.9,1001.9,304.316,552,170,34,2,35,69,,313,120.0,26.1,491,19,1,0,HOUSTON,13.461
Jake Meyers,48.7,68.1,83.2,31.2,49.8,43.3,43.5,49.1,27.0,6.8,78.2,351,44.2,27.4,21.7,6.8,43.9,34.2,21.9,5.7,30.8,25.6,22.5,8.3,34.8,1817,351,24,6.8,37.0,88.2,14.4,0.235,0.382,0.304,0.355,,117,463.812,1857.15,790.8,250.884,461,101,20,3,13,35,,166,46.0,28.9,68,89,14,5,HOUSTON,14.754
Freddy Fermin,48.5,72.4,87.1,30.8,54.2,41.4,38.9,51.0,23.0,7.0,85.0,277,50.9,21.3,20.6,7.2,45.5,35.7,18.8,5.8,34.7,24.9,27.1,4.0,29.2,1434,277,9,3.2,33.9,88.2,11.1,0.244,0.334,0.279,0.31,,118,401.55,1475.76,624.1,219.971,339,92,14,0,6,23,,124,39.0,26.6,435,28,0,2,KANSAS-CITY,13.579
Drew Waters,43.6,78.0,78.1,22.6,41.7,53.2,15.8,46.8,31.8,4.3,75.0,10,50.0,30.0,10.0,10.0,60.0,30.0,10.0,0.0,50.0,40.0,10.0,0.0,20.0,94,10,0,0.0,20.0,77.9,3.8,0.096,0.134,0.197,0.164,,118,164.026,135.82,35.2,113.991,16,3,1,0,0,2,,4,1.0,28.0,191,69,5,3,KANSAS-CITY,14.197
Hunter Renfroe,49.8,62.7,84.7,26.3,57.3,42.3,27.8,44.4,23.4,7.9,73.3,302,39.7,27.2,20.5,12.6,46.0,36.1,17.9,4.6,27.8,32.5,22.2,6.3,27.8,1652,302,20,6.6,39.4,88.5,16.7,0.223,0.362,0.291,0.322,,118,422.731,1671.66,707.0,235.296,385,88,18,0,15,36,,151,44.0,26.7,412,32,0,0,KANSAS-CITY,13.641
Nick Loftin,48.9,65.7,94.0,20.9,56.7,44.1,33.3,42.8,15.3,5.9,78.4,127,46.5,23.6,22.8,7.1,38.6,42.5,18.9,7.9,37.0,29.9,20.5,1.6,30.7,626,127,4,3.1,26.0,83.6,9.9,0.225,0.305,0.283,0.272,,118,264.292,671.27,276.7,158.864,148,28,4,0,1,19,,35,10.0,27.7,241,60,1,1,KANSAS-CITY,14.133
Bobby Witt Jr.,47.4,72.3,84.8,32.1,63.3,41.3,31.5,51.2,22.3,7.6,80.2,538,37.5,30.5,25.1,6.9,32.3,39.6,28.1,2.2,25.3,27.7,24.9,5.6,35.7,2600,538,77,14.3,48.3,92.7,15.1,0.315,0.576,0.407,0.457,,118,629.044,2669.39,1156.6,327.318,636,211,45,11,32,57,,374,145.0,30.5,1,100,27,7,KANSAS-CITY,15.657
Michael Massey,48.9,67.3,91.3,37.4,66.1,44.5,20.3,52.0,17.9,7.2,74.0,282,39.7,33.0,21.3,6.0,51.8,29.1,19.1,3.2,28.4,29.4,24.8,7.1,34.4,1330,282,20,7.1,36.9,89.2,16.8,0.258,0.414,0.309,0.347,,118,407.102,1398.64,596.4,228.363,332,86,17,2,14,15,,149,43.0,26.8,403,34,1,0,KANSAS-CITY,13.709
Vinnie Pasquantino,48.0,66.3,91.9,30.7,71.6,42.7,23.9,47.8,14.5,7.3,75.0,439,40.3,27.8,23.5,8.4,45.8,35.3,18.9,2.5,30.1,28.2,23.2,8.9,31.9,2133,439,31,7.1,46.5,91.0,14.6,0.266,0.438,0.331,0.349,,118,540.639,2193.01,947.2,281.194,496,130,30,2,19,40,,221,70.0,25.6,532,12,1,0,KANSAS-CITY,13.131
Adam Frazier,52.8,65.3,88.5,26.4,60.3,43.8,17.7,47.0,18.8,7.7,74.2,206,40.3,25.7,27.2,6.8,40.3,32.5,27.2,7.8,29.1,28.2,27.2,4.9,37.9,1211,206,6,2.9,22.8,84.5,15.3,0.238,0.318,0.286,0.311,,118,324.054,1221.63,507.5,182.566,262,53,10,1,4,22,,77,20.0,26.7,415,32,0,0,KANSAS-CITY,13.636
Dairon Blanco,49.5,74.0,72.6,31.0,48.6,39.4,39.4,52.3,32.9,7.6,85.7,90,52.2,24.4,17.8,5.6,31.1,47.8,21.1,12.2,36.7,18.9,14.4,10.0,26.7,459,90,7,7.8,37.8,89.0,8.6,0.212,0.37,0.279,0.338,,118,263.231,511.07,200.7,181.323,120,31,4,0,4,8,,47,14.0,29.6,21,97,3,2,KANSAS-CITY,15.079
Kyle Isbel,50.5,60.9,89.7,30.9,59.9,42.4,21.4,46.1,19.3,8.4,75.9,306,52.6,19.9,19.9,7.5,40.5,33.3,26.1,7.8,35.3,24.2,24.8,3.6,24.8,1582,306,12,3.9,36.3,88.1,9.0,0.234,0.333,0.281,0.32,,118,422.421,1620.73,688.8,227.83,384,88,13,8,8,27,,141,39.0,27.9,213,65,2,1,KANSAS-CITY,14.231
Maikel Garcia,52.3,63.6,88.5,21.2,67.8,41.1,29.2,43.4,15.7,9.7,74.7,481,49.5,20.4,26.6,3.5,29.7,41.2,29.1,2.9,39.5,22.5,26.6,4.8,34.1,2360,481,18,3.7,42.8,90.4,6.4,0.26,0.366,0.3,0.331,,118,566.884,2411.51,1044.7,282.699,575,133,27,5,7,42,,191,54.0,27.9,207,66,19,9,KANSAS-CITY,14.25
Salvador Perez,43.4,77.3,81.7,42.9,59.0,40.6,43.1,57.8,27.8,5.7,81.7,467,33.8,33.8,24.4,7.9,46.7,30.0,23.3,2.6,23.3,31.5,23.1,6.6,39.4,2301,467,57,12.2,44.8,91.1,19.0,0.275,0.522,0.36,0.427,,118,572.518,2367.22,1017.2,305.43,590,160,28,0,27,44,,269,87.0,24.5,588,3,0,0,KANSAS-CITY,12.61
MJ Melendez,48.8,77.8,75.7,28.4,56.3,43.4,39.6,52.5,29.5,7.4,86.1,299,41.8,28.8,20.4,9.0,44.1,33.4,22.4,1.7,33.4,26.4,20.7,9.0,29.1,1845,299,25,8.4,45.2,91.1,14.6,0.239,0.425,0.317,0.391,,118,431.915,1826.87,762.8,245.102,412,85,23,3,17,35,,165,44.0,27.8,219,64,0,0,KANSAS-CITY,14.217
Austin Barnes,55.3,69.8,83.4,19.6,44.2,41.3,32.1,47.4,22.8,9.1,85.2,106,50.0,16.0,25.5,8.5,37.7,37.7,24.5,4.7,40.6,21.7,27.4,3.8,30.2,593,106,2,1.9,31.1,86.3,9.5,0.229,0.292,0.27,0.306,,119,254.056,625.26,252.1,158.383,140,37,3,0,1,14,,43,14.0,25.8,515,15,0,0,LA-DODGERS,13.17
Miguel Rojas,50.6,65.3,90.8,27.3,73.0,43.4,24.9,46.5,13.9,6.4,69.2,277,49.5,17.3,26.4,6.9,39.4,33.6,27.1,7.6,35.0,22.4,30.0,2.2,33.2,1211,277,7,2.5,27.8,85.0,9.7,0.279,0.36,0.31,0.312,,119,384.881,1291.09,557.2,204.614,307,87,21,0,6,23,,126,42.0,25.8,520,14,1,0,LA-DODGERS,13.21
Enrique Hernández,52.9,69.0,82.3,26.4,60.3,43.1,27.2,48.9,22.9,8.6,84.6,289,35.6,29.4,25.6,9.3,34.9,39.8,25.3,2.8,30.1,31.1,23.2,8.0,36.0,1518,289,14,4.8,41.5,89.6,17.1,0.233,0.362,0.285,0.324,,119,416.98,1551.41,657.7,233.446,362,83,16,0,12,27,,135,38.0,27.0,358,41,0,0,LA-DODGERS,13.785
Will Smith,49.6,66.5,84.5,26.3,65.8,43.9,29.4,46.2,20.9,7.5,78.2,379,33.0,40.4,22.2,4.5,31.9,41.7,26.4,1.8,24.3,32.2,22.2,8.4,38.3,2271,379,41,10.8,42.0,89.4,18.7,0.24,0.443,0.331,0.372,,119,489.016,2242.95,946.6,266.969,476,118,24,2,20,51,,206,66.0,27.4,307,49,2,3,LA-DODGERS,14.031
Tommy Edman,50.1,66.5,84.7,25.8,52.1,42.2,28.8,46.2,24.0,8.5,75.0,111,45.0,27.9,20.7,6.3,38.7,32.4,28.8,2.7,36.0,27.9,24.3,5.4,31.5,567,111,4,3.6,35.1,87.6,11.4,0.217,0.316,0.266,0.292,,119,264.385,613.09,247.8,167.864,139,33,5,1,6,11,,58,17.0,27.9,209,66,3,1,LA-DODGERS,14.216
Hunter Feduccia,54.4,77.4,83.3,7.7,50.0,47.4,28.6,45.6,19.2,8.8,80.0,10,60.0,20.0,20.0,0.0,50.0,30.0,20.0,0.0,40.0,30.0,30.0,0.0,30.0,57,10,0,0.0,20.0,83.3,9.5,0.22,0.257,0.28,0.254,,119,154.348,93.45,24.1,105.841,12,4,0,0,0,2,,4,2.0,27.6,261,57,0,0,LA-DODGERS,14.08
James Outman,49.7,67.3,74.5,28.2,34.4,46.8,40.4,47.6,37.1,7.6,85.4,81,33.3,28.4,27.2,11.1,43.2,29.6,27.2,7.4,22.2,32.1,22.2,11.1,38.3,634,81,4,4.9,38.3,87.6,15.3,0.198,0.319,0.282,0.372,,119,248.608,642.48,246.9,170.527,136,20,4,0,4,16,,36,9.0,28.8,80,87,0,0,LA-DODGERS,14.682
Mookie Betts,48.6,60.8,93.9,21.1,61.3,43.3,22.3,40.4,14.9,6.9,76.1,397,27.2,35.3,29.0,8.6,34.3,41.6,24.2,1.5,19.1,35.0,28.2,10.1,39.3,2047,397,24,6.0,39.5,89.9,21.4,0.282,0.447,0.356,0.357,,119,496.744,2077.46,892.0,261.092,450,130,24,5,19,61,,221,83.0,26.7,416,31,6,0,LA-DODGERS,13.706
Chris Taylor,53.2,72.5,73.7,19.6,43.8,41.8,44.3,47.7,31.3,9.0,91.5,140,42.1,25.0,24.3,8.6,37.9,35.0,27.1,6.4,29.3,24.3,26.4,6.4,42.9,1046,140,10,7.1,28.6,85.9,16.9,0.218,0.343,0.297,0.374,,119,280.116,1024.24,411.8,176.939,213,43,7,1,4,28,,64,19.0,28.1,179,71,0,1,LA-DODGERS,14.347
Freddie Freeman,48.2,73.7,83.4,26.6,71.0,42.9,36.7,49.4,20.2,6.7,83.5,450,38.7,31.1,27.6,2.7,34.2,34.9,30.9,5.3,26.0,26.0,25.1,8.4,43.1,2522,450,41,9.1,41.8,89.4,14.3,0.276,0.463,0.364,0.387,,119,543.768,2515.05,1071.6,282.187,542,153,35,2,22,78,,258,96.0,25.8,517,15,2,2,LA-DODGERS,13.264
Teoscar Hernández,48.8,74.7,75.0,28.7,43.6,41.5,36.2,51.2,34.0,7.9,81.1,402,46.5,26.6,22.1,4.7,33.8,38.1,28.1,3.5,33.1,20.4,20.4,7.5,33.8,2608,402,60,14.9,46.8,90.6,10.3,0.25,0.486,0.346,0.458,,119,519.475,2542.22,1063.8,286.477,589,160,32,2,33,53,,295,98.0,28.6,104,83,5,0,LA-DODGERS,14.646
Max Muncy,46.9,63.7,76.2,20.3,49.2,40.7,25.5,40.6,31.0,7.4,76.4,166,25.3,43.4,19.9,11.4,48.2,32.5,19.3,2.4,16.3,36.1,22.9,11.4,32.5,1208,166,18,10.8,43.4,90.2,26.6,0.229,0.448,0.349,0.414,,119,316.896,1179.66,478.6,205.493,237,55,17,0,15,45,,117,41.0,26.9,377,38,4,0,LA-DODGERS,13.799
Shohei Ohtani,48.0,69.7,76.9,26.6,53.9,42.4,39.6,47.3,29.8,6.5,79.5,479,36.3,31.3,26.9,5.4,43.6,32.6,23.8,2.3,25.7,20.9,20.7,9.0,37.8,2838,479,103,21.5,60.1,95.8,16.2,0.314,0.66,0.442,0.551,,119,591.873,2799.95,1186.7,327.034,636,197,38,7,54,81,,411,159.0,28.1,182,70,13,4,LA-DODGERS,14.492
Andy Pages,50.4,71.0,80.5,30.7,58.4,41.4,36.8,51.0,26.1,7.8,79.1,299,32.8,30.4,27.1,9.7,41.8,33.4,24.7,4.7,20.1,31.8,26.1,6.4,40.8,1719,299,32,10.7,40.1,88.6,20.8,0.251,0.422,0.321,0.394,,119,424.266,1725.8,725.0,242.88,403,100,23,1,13,29,,164,49.0,28.3,150,75,8,5,LA-DODGERS,14.471
CJ Abrams,50.9,70.5,81.3,35.4,62.1,43.8,39.3,53.3,24.7,7.8,79.1,418,40.7,28.0,22.7,8.6,45.2,33.0,21.8,4.3,27.8,26.6,24.4,9.6,33.0,2261,418,29,6.9,40.7,88.2,15.1,0.247,0.409,0.319,0.37,,120,521.272,2280.16,970.9,274.748,541,133,29,6,20,40,,234,70.0,28.5,113,82,20,2,WASHINGTON,14.569
Luis García Jr.,47.7,69.0,86.8,36.0,62.7,42.6,33.8,51.7,21.3,7.3,74.6,415,48.4,25.1,23.9,2.7,26.3,46.3,27.5,3.9,36.9,21.4,23.9,5.8,32.8,1883,415,33,8.0,41.7,89.1,8.2,0.278,0.452,0.331,0.379,,120,525.46,1974.31,855.4,278.267,500,141,25,1,18,27,,222,71.0,27.2,336,45,9,5,WASHINGTON,13.931
Riley Adams,50.7,68.4,79.3,30.2,53.2,40.5,31.0,49.5,28.1,9.4,74.0,83,47.0,21.7,21.7,9.6,34.9,39.8,25.3,1.2,36.1,24.1,28.9,2.4,30.1,531,83,6,7.2,43.4,89.9,13.6,0.219,0.341,0.281,0.345,,120,258.277,559.65,217.4,179.207,116,26,5,1,2,10,,39,11.0,26.5,445,27,0,0,WASHINGTON,13.531
Drew Millas,48.8,65.9,86.4,26.4,52.9,45.2,41.9,45.6,22.6,5.6,85.7,41,48.8,24.4,26.8,0.0,26.8,43.9,29.3,4.9,41.5,19.5,26.8,4.9,39.0,252,41,1,2.4,34.1,88.0,2.7,0.224,0.307,0.268,0.322,,120,212.122,290.97,104.3,146.726,57,14,1,0,1,5,,18,6.0,28.3,148,76,1,0,WASHINGTON,14.418
James Wood,50.2,55.3,80.0,21.0,44.9,42.6,23.5,38.2,29.6,7.3,65.7,198,55.1,18.2,25.8,1.0,32.3,36.4,31.3,3.5,38.4,10.6,30.3,6.1,31.3,1404,198,21,10.6,52.0,92.8,2.4,0.265,0.435,0.348,0.45,,120,353.478,1368.03,559.8,217.532,295,78,13,4,9,39,,126,44.0,28.7,91,85,14,5,WASHINGTON,14.698
Alex Call,52.1,65.0,83.8,19.5,63.0,38.7,26.5,43.2,18.8,7.1,77.1,80,45.0,26.3,21.3,7.5,42.5,28.7,28.7,0.0,33.8,27.5,27.5,6.3,28.7,493,80,4,5.0,32.5,88.0,12.5,0.242,0.362,0.314,0.322,,120,228.968,516.81,203.9,151.306,99,34,9,0,3,12,,52,22.0,28.0,188,69,1,0,WASHINGTON,14.314
Andrés Chaparro,48.2,77.1,85.6,32.0,50.6,41.1,45.5,53.7,24.8,7.8,78.0,97,38.1,30.9,20.6,10.3,39.2,39.2,21.6,4.1,27.8,34.0,19.6,8.2,27.8,525,97,6,6.2,33.0,87.8,16.6,0.226,0.392,0.301,0.33,,120,259.923,570.23,225.4,172.573,121,26,12,0,4,7,,50,13.0,25.8,518,15,0,0,WASHINGTON,13.201
Keibert Ruiz,48.1,67.4,92.8,38.2,79.9,43.0,37.9,52.3,12.1,7.5,71.2,410,35.1,29.8,23.7,11.5,48.5,37.3,14.1,4.6,22.7,36.6,28.5,4.1,32.2,1659,410,13,3.2,25.6,85.4,19.8,0.251,0.35,0.279,0.294,,120,496.206,1787.65,784.7,252.785,459,105,21,0,13,16,,165,42.0,25.0,575,5,0,2,WASHINGTON,12.779
José Tena,50.4,67.3,83.3,32.9,60.0,41.9,36.9,50.2,24.0,8.3,75.0,120,47.5,21.7,25.0,5.8,24.2,44.2,31.7,6.7,29.2,17.5,32.5,4.2,30.8,673,120,10,8.3,49.2,91.2,7.6,0.254,0.417,0.305,0.388,,120,296.249,710.24,285.9,196.285,161,43,5,0,3,7,,57,17.0,28.1,175,71,2,1,WASHINGTON,14.355
Trey Lipscomb,50.0,68.7,84.3,32.8,53.9,42.1,37.0,50.8,25.3,6.8,84.9,152,63.8,11.2,19.1,5.9,26.3,39.5,34.2,5.3,51.3,17.8,20.4,3.9,23.0,780,152,1,0.7,31.6,86.5,0.7,0.23,0.29,0.267,0.287,,120,300.367,828.78,340.4,177.451,190,38,3,0,1,16,,44,12.0,27.5,289,52,0,0,WASHINGTON,14.017
Jacob Young,52.6,60.3,84.8,27.8,59.1,43.8,25.9,44.9,19.3,7.7,72.8,377,56.5,15.4,23.1,5.0,27.3,35.8,36.9,13.0,39.0,16.7,25.7,2.9,28.1,1955,377,6,1.6,28.9,85.8,4.0,0.253,0.317,0.286,0.319,,120,468.088,1987.54,850.4,237.235,468,120,24,1,3,30,,155,47.0,29.7,18,97,10,9,WASHINGTON,15.136
Nasim Nuñez,48.9,61.3,84.7,21.0,54.3,41.0,28.2,40.7,19.5,5.8,73.7,51,70.6,5.9,15.7,7.8,23.5,41.2,35.3,23.5,47.1,7.8,15.7,3.9,17.6,327,51,0,0.0,21.6,83.3,-1.9,0.184,0.223,0.265,0.24,,120,197.226,355.92,133.8,127.251,61,15,1,0,0,12,,16,6.0,29.5,32,95,7,1,WASHINGTON,15.015
Dylan Crews,48.7,63.6,86.3,26.6,56.3,42.3,25.0,44.6,22.8,8.3,83.7,94,56.4,21.3,13.8,8.5,35.1,41.5,23.4,5.3,39.4,18.1,21.3,8.5,23.4,520,94,6,6.4,44.7,89.0,8.8,0.253,0.418,0.325,0.368,,120,264.618,558.32,221.8,176.976,119,26,5,1,3,11,,42,12.0,29.3,41,93,11,3,WASHINGTON,14.975
Daz Cameron,54.3,68.3,81.1,26.0,37.6,41.4,32.8,49.0,28.3,9.4,74.6,121,47.9,28.1,21.5,2.5,40.5,38.8,20.7,2.5,37.2,24.0,21.5,6.6,36.4,715,121,10,8.3,48.8,91.6,8.6,0.222,0.353,0.282,0.354,,133,293.41,743.2,299.2,193.328,170,34,5,1,5,13,,56,14.0,28.4,137,78,1,0,MILWAUKEE,14.482
Elias Díaz,48.1,76.1,81.6,33.2,52.2,42.6,37.5,53.8,27.8,8.1,80.4,258,51.2,17.1,25.6,6.2,34.1,43.8,22.1,4.7,39.9,20.9,24.8,4.3,31.0,1323,258,12,4.7,34.5,87.1,7.6,0.242,0.343,0.28,0.319,,135,392.588,1370.83,577.5,221.279,325,86,20,0,6,20,,124,38.0,24.4,593,2,0,0,SAN-DIEGO,12.48
Luis Campusano,51.2,69.1,85.4,31.8,66.0,42.4,35.1,50.9,20.5,8.4,80.2,237,45.1,24.9,22.4,7.6,38.4,42.6,19.0,2.1,38.0,26.6,23.2,4.6,27.4,1025,237,11,4.6,34.2,87.7,9.9,0.242,0.35,0.289,0.303,,135,370.088,1107.14,473.4,210.925,277,63,13,0,8,20,,100,28.0,25.0,571,6,0,0,SAN-DIEGO,12.789
Xander Bogaerts,54.0,59.8,88.6,25.8,62.7,42.0,21.4,44.2,18.3,8.8,70.1,355,47.6,23.9,22.8,5.6,41.7,40.8,17.5,2.8,36.1,24.8,27.6,3.4,32.1,1791,355,18,5.1,33.2,88.1,10.9,0.262,0.382,0.305,0.342,,135,457.846,1833.55,785.8,241.814,428,113,15,1,11,28,,163,50.0,27.4,297,51,16,1,SAN-DIEGO,14.005
Tyler Wade,50.3,62.4,86.4,25.7,54.7,41.2,30.8,44.1,20.8,7.3,83.7,113,46.0,18.6,26.5,8.8,43.4,32.7,23.9,15.9,29.2,25.7,24.8,2.7,38.1,587,113,2,1.8,17.7,83.7,14.5,0.244,0.31,0.281,0.306,,135,243.72,629.37,255.2,149.409,138,30,3,0,0,11,,33,9.0,28.7,89,86,1,2,SAN-DIEGO,14.631
Luis Arraez,52.2,63.0,95.0,35.3,88.0,44.2,20.0,49.8,6.9,7.5,72.0,611,42.2,25.2,27.7,4.9,31.6,37.6,30.8,3.9,31.3,26.8,32.6,3.8,40.9,2416,611,10,1.6,23.7,86.3,13.7,0.31,0.4,0.325,0.323,,135,651.119,2590.2,1152.5,304.88,637,200,32,3,4,24,,250,85.0,26.7,424,30,5,2,SAN-DIEGO,13.675
Manny Machado,51.4,72.4,83.8,29.7,54.7,44.2,39.4,51.6,24.4,6.8,80.4,473,43.3,22.0,26.6,8.0,35.1,42.5,22.4,1.7,32.3,24.3,24.3,5.9,33.8,2387,473,52,11.0,48.8,92.5,12.7,0.272,0.461,0.338,0.397,,135,578.305,2433.65,1047.2,304.965,593,163,30,0,29,45,,280,91.0,25.8,514,15,8,2,SAN-DIEGO,13.238
Mason McCoy,50.0,56.9,83.3,33.6,43.6,35.8,29.8,45.3,29.5,9.5,72.7,33,60.6,15.2,24.2,0.0,27.3,39.4,33.3,18.2,33.3,18.2,27.3,0.0,33.3,232,33,0,0.0,15.2,82.9,9.3,0.202,0.241,0.242,0.323,,135,186.442,272.5,92.7,130.407,49,10,2,0,0,5,,12,3.0,28.7,96,84,0,0,SAN-DIEGO,14.592
Fernando Tatis Jr.,49.9,74.4,80.2,28.2,49.3,45.6,43.8,51.3,28.1,8.2,86.6,303,46.2,26.1,24.1,3.6,38.9,35.6,25.4,3.6,31.4,18.5,24.8,6.9,33.7,1551,303,44,14.5,55.8,93.5,10.0,0.298,0.538,0.387,0.47,,135,448.058,1595.43,677.4,261.364,398,110,21,1,21,32,,196,65.0,28.4,138,77,22,3,SAN-DIEGO,14.587
Bryce Johnson,48.7,73.4,89.4,27.4,59.5,40.7,50.7,49.8,18.3,8.0,81.0,54,55.6,14.8,27.8,1.9,40.7,37.0,22.2,20.4,29.6,25.9,24.1,0.0,37.0,263,54,0,0.0,24.1,86.1,7.4,0.258,0.307,0.291,0.305,,135,208.782,312.47,116.7,135.896,63,13,2,0,0,7,,15,4.0,28.1,170,72,3,0,SAN-DIEGO,14.341
Jackson Merrill,49.3,80.0,85.8,34.4,64.2,41.9,45.8,56.9,20.5,7.9,90.3,462,36.8,33.1,26.0,4.1,32.3,41.8,26.0,3.0,26.2,26.4,25.3,7.8,39.6,2214,462,52,11.3,43.9,90.4,14.6,0.3,0.531,0.369,0.43,,135,565.01,2285.81,987.6,297.328,554,162,31,6,24,29,,277,91.0,28.5,116,81,1,2,SAN-DIEGO,14.619
Jake Cronenworth,51.2,65.9,89.1,23.1,62.3,43.4,19.1,45.0,17.1,8.3,78.9,463,43.6,25.3,23.8,7.3,32.6,38.7,28.7,5.2,29.2,25.7,25.7,5.8,35.4,2752,463,36,7.8,36.7,88.6,13.9,0.259,0.42,0.335,0.365,,135,546.553,2709.11,1149.7,278.208,577,139,29,3,17,61,,225,71.0,27.7,247,59,2,1,SAN-DIEGO,14.185
Julio Rodríguez,45.5,74.7,78.8,37.3,53.0,40.8,38.8,54.3,30.9,6.7,81.8,413,44.6,26.2,23.0,6.3,33.4,39.2,27.4,2.7,34.4,21.3,25.4,6.1,33.2,2385,413,42,10.2,48.4,91.7,10.5,0.275,0.463,0.344,0.437,,136,534.688,2378.33,1004.6,290.357,567,155,17,0,20,38,,232,74.0,29.6,24,96,20,4,SEATTLE,15.144
Ryan Bliss,54.1,77.9,69.7,21.0,36.0,41.3,54.9,51.7,32.8,5.0,92.3,43,46.5,25.6,23.3,4.7,30.2,44.2,25.6,14.0,27.9,16.3,11.6,16.3,37.2,259,43,4,9.3,46.5,88.5,6.8,0.217,0.426,0.31,0.424,,136,227.395,298.83,107.8,168.353,63,14,3,1,2,5,,25,7.0,28.5,111,82,2,2,SEATTLE,14.56
Mitch Garver,49.6,57.6,78.6,20.0,42.6,43.9,20.0,38.7,30.8,7.5,69.1,237,35.9,30.8,22.8,10.5,45.6,36.7,17.7,1.3,27.0,35.9,19.8,7.2,32.5,1815,237,20,8.4,39.7,89.9,18.3,0.18,0.335,0.285,0.343,,136,370.652,1735.88,710.4,220.062,367,63,17,0,15,53,,125,35.0,26.0,502,17,3,0,SEATTLE,13.285
Leo Rivas,52.8,56.6,81.1,14.9,42.3,38.5,14.0,36.9,25.5,10.2,76.3,51,41.2,13.7,39.2,5.9,45.1,41.2,13.7,11.8,21.6,23.5,39.2,2.0,45.1,371,51,1,2.0,27.5,87.2,12.6,0.244,0.312,0.301,0.361,,136,204.44,389.88,147.0,141.081,73,17,1,1,0,10,,20,7.0,28.3,145,76,4,0,SEATTLE,14.451
J.P. Crawford,52.4,61.9,83.7,18.2,63.3,44.8,23.1,41.1,20.2,7.2,81.2,291,46.0,24.4,21.3,8.2,31.3,43.3,25.4,5.5,32.3,24.4,24.1,6.5,30.2,1911,291,19,6.5,37.8,87.5,13.2,0.227,0.363,0.309,0.341,,136,408.084,1861.93,777.0,226.097,392,79,16,2,9,52,,126,37.0,26.8,406,33,5,1,SEATTLE,13.709
Dylan Moore,51.8,65.3,80.4,17.7,53.2,44.3,28.9,42.4,24.8,6.9,81.6,251,29.9,33.5,25.5,11.2,49.8,31.1,19.1,3.6,20.7,37.1,23.9,6.0,38.2,1804,251,22,8.8,36.3,88.4,22.6,0.201,0.324,0.297,0.338,,136,372.511,1738.06,716.9,215.782,368,74,23,4,10,53,,135,41.0,28.0,195,68,10,4,SEATTLE,14.297
Luke Raley,50.6,75.2,76.2,27.9,34.7,44.0,40.0,51.8,34.5,7.9,86.7,273,47.3,24.5,21.2,7.0,44.0,34.8,21.2,7.0,33.0,22.0,18.3,8.1,31.5,1713,273,30,11.0,41.8,90.1,13.5,0.22,0.418,0.316,0.406,,136,409.938,1697.36,705.0,238.956,404,98,19,2,22,27,,187,54.0,28.9,61,90,2,1,SEATTLE,14.766
Cal Raleigh,47.4,74.0,76.8,32.7,52.9,43.9,43.0,52.3,31.0,7.0,85.9,376,31.1,36.7,21.3,10.9,45.5,33.5,21.0,4.8,17.3,31.9,23.4,6.9,35.6,2514,376,58,15.4,48.1,91.0,21.2,0.233,0.476,0.346,0.442,,136,499.0,2441.81,1017.4,282.418,546,120,16,0,34,70,,238,73.0,26.6,438,28,12,2,SEATTLE,13.646
Victor Robles,47.2,78.8,81.0,33.2,50.3,42.0,54.2,54.7,24.7,9.6,85.7,210,47.6,23.3,21.9,7.1,46.7,33.3,20.0,14.3,27.6,24.3,22.4,4.8,34.8,1020,210,13,6.2,28.6,86.7,14.8,0.257,0.389,0.326,0.352,,136,342.321,1079.03,453.0,199.83,254,78,20,0,4,21,,110,40.0,27.8,226,63,3,0,SEATTLE,14.226
Randy Arozarena,47.3,59.5,75.0,24.3,60.0,43.0,25.9,41.0,29.7,6.7,72.0,384,44.5,27.6,19.0,8.9,42.4,38.0,19.5,2.6,33.1,27.6,21.1,7.0,28.4,2774,384,32,8.3,43.5,90.4,13.2,0.219,0.381,0.324,0.375,,136,493.747,2651.15,1101.0,268.083,549,120,33,0,20,73,,213,66.0,28.1,177,71,16,2,SEATTLE,14.374
Dominic Canzone,47.6,68.9,75.9,37.0,48.1,39.1,42.5,52.2,34.4,6.2,81.4,117,44.4,33.3,18.8,3.4,31.6,47.0,21.4,3.4,34.2,26.5,14.5,10.3,31.6,696,117,13,11.1,44.4,89.9,9.1,0.215,0.426,0.307,0.393,,136,295.614,731.57,290.7,202.263,168,33,7,0,8,18,,64,18.0,27.1,354,42,1,1,SEATTLE,13.857
Jorge Polanco,49.4,66.3,77.4,24.0,54.2,43.2,28.5,44.8,28.1,6.9,77.8,281,35.2,31.7,27.0,6.0,47.0,33.8,19.2,5.7,23.8,29.9,26.3,5.3,35.9,1946,281,25,8.9,37.4,88.3,17.8,0.226,0.399,0.309,0.395,,136,403.073,1885.96,780.5,230.199,416,89,11,0,16,46,,148,43.0,27.5,278,54,3,2,SEATTLE,14.059
Casey Schmitt,48.4,69.1,88.8,36.8,50.7,45.2,39.8,52.4,25.0,8.0,73.3,83,39.8,31.3,20.5,8.4,43.4,32.5,24.1,1.2,27.7,31.3,24.1,7.2,31.3,374,83,7,8.4,36.1,89.2,16.5,0.244,0.441,0.306,0.375,,137,252.02,437.77,170.3,173.867,107,27,4,1,6,4,,51,14.0,28.0,194,68,0,0,SAN-FRANCISCO,14.306
Luis Matos,49.1,68.9,92.4,40.1,71.2,41.9,29.5,54.2,15.6,6.4,74.3,127,38.6,29.1,21.3,11.0,47.2,37.0,15.7,3.9,28.3,33.9,22.8,7.1,29.1,544,127,5,3.9,37.0,86.9,14.1,0.24,0.355,0.267,0.304,,137,285.356,615.42,252.1,179.63,150,32,5,0,5,5,,52,12.0,27.8,224,63,2,0,SAN-FRANCISCO,14.167
David Villar,52.9,59.7,76.7,28.1,38.9,39.0,35.1,44.9,34.4,8.8,58.3,23,34.8,39.1,21.7,4.3,34.8,34.8,30.4,4.3,21.7,26.1,21.7,13.0,34.8,136,23,3,13.0,52.2,91.3,15.7,0.224,0.434,0.319,0.483,,137,218.272,184.36,56.9,175.841,35,9,4,0,1,1,,16,4.0,26.2,480,21,0,0,SAN-FRANCISCO,13.419
Wilmer Flores,47.5,60.6,92.8,28.5,72.9,42.8,19.8,43.9,13.9,8.0,61.0,186,32.8,24.2,27.4,15.6,39.8,38.2,22.0,4.8,26.3,35.5,21.5,5.4,36.6,964,186,11,5.9,27.6,83.5,21.4,0.221,0.339,0.285,0.287,,137,312.879,1003.02,419.4,185.435,214,44,12,0,4,20,,68,19.0,24.0,600,1,1,0,SAN-FRANCISCO,12.285
LaMonte Wade Jr.,48.4,62.9,86.4,20.2,44.4,42.6,22.2,40.9,24.2,7.3,74.8,245,39.6,25.7,31.4,3.3,39.6,38.0,22.4,4.5,26.5,22.4,28.2,9.0,39.6,1639,245,23,9.4,44.1,90.6,12.9,0.259,0.428,0.354,0.401,,137,382.073,1601.97,663.2,223.255,331,86,16,0,8,62,,126,47.0,25.2,565,7,0,0,SAN-FRANCISCO,12.954
Mike Yastrzemski,50.7,63.7,79.4,23.8,56.3,44.5,25.8,44.1,26.1,7.5,70.5,306,36.3,32.0,21.6,10.1,48.7,31.7,19.6,4.2,22.2,33.7,22.2,6.5,33.0,1955,306,32,10.5,41.0,90.4,19.1,0.219,0.397,0.301,0.369,,137,426.077,1917.2,800.7,242.097,428,99,16,9,18,38,,187,55.0,27.2,338,44,6,2,SAN-FRANCISCO,13.901
Patrick Bailey,51.2,70.0,84.0,25.1,53.2,41.4,41.3,48.1,23.4,7.5,85.8,309,41.1,24.9,30.7,3.2,37.2,39.2,23.6,2.6,31.1,23.9,29.1,7.1,37.9,1787,309,17,5.5,43.0,91.3,12.1,0.258,0.398,0.319,0.376,,137,435.812,1786.65,752.4,240.428,401,94,16,1,8,39,,136,41.0,25.2,560,8,0,0,SAN-FRANCISCO,12.919
Tyler Fitzgerald,50.8,67.9,75.3,26.9,44.9,42.2,33.1,47.7,31.2,7.4,76.8,207,35.3,33.3,24.6,6.8,49.8,26.1,24.2,4.3,22.7,32.9,26.1,4.8,39.1,1330,207,17,8.2,31.9,87.7,20.2,0.227,0.378,0.292,0.395,,137,337.874,1321.9,543.9,203.1,314,88,19,2,15,22,,156,51.0,30.0,4,100,9,4,SAN-FRANCISCO,15.292
Brett Wisely,51.8,67.1,85.6,30.9,54.8,44.6,33.1,49.5,22.5,7.1,75.7,192,42.7,33.9,17.7,5.7,35.9,40.6,23.4,5.7,28.1,32.3,23.4,3.6,29.7,988,192,10,5.2,31.6,86.8,16.2,0.215,0.313,0.255,0.309,,137,330.444,1032.93,430.8,196.922,252,60,13,1,4,13,,87,24.0,27.8,233,62,1,1,SAN-FRANCISCO,14.155
Matt Chapman,51.9,63.5,81.1,24.2,63.2,43.2,27.8,44.6,23.5,7.1,71.5,419,38.4,28.4,23.2,10.0,37.9,37.7,24.3,3.1,24.6,30.1,20.5,8.1,31.3,2706,419,53,12.6,48.3,93.2,16.2,0.25,0.451,0.341,0.414,,137,527.275,2630.22,1105.1,286.376,575,142,39,2,27,64,,266,86.0,28.7,95,85,7,2,SAN-FRANCISCO,14.691
Heliot Ramos,48.2,72.3,81.7,29.9,48.1,40.1,35.3,50.3,28.7,7.1,83.1,344,43.3,27.0,24.4,5.2,30.2,41.0,28.8,4.1,34.0,22.1,18.9,5.5,34.3,2011,344,50,14.5,47.5,91.5,10.4,0.25,0.481,0.338,0.434,,137,474.515,2005.67,844.1,269.003,475,128,23,3,22,37,,223,72.0,27.9,215,65,5,4,SAN-FRANCISCO,14.288
Jung Hoo Lee,55.2,58.0,93.4,26.7,79.4,41.7,17.1,43.9,9.6,7.9,48.9,134,45.5,22.4,26.9,5.2,33.6,38.1,28.4,3.0,32.8,25.4,28.4,5.2,29.1,569,134,6,4.5,41.8,89.1,9.2,0.278,0.404,0.319,0.319,,137,285.59,631.83,264.5,177.024,145,38,4,0,2,10,,48,15.0,28.4,128,79,6,2,SAN-FRANCISCO,14.519
Luken Baker,47.8,66.7,78.1,25.7,40.7,46.8,26.5,45.3,33.0,6.5,53.8,31,38.7,32.3,16.1,12.9,38.7,29.0,32.3,0.0,32.3,32.3,19.4,9.7,32.3,201,31,2,6.5,58.1,91.0,16.2,0.187,0.328,0.288,0.299,,138,227.788,243.44,82.0,172.085,40,7,1,1,2,7,,16,5.0,24.9,577,5,0,0,ST-LOUIS,12.738
Brendan Donovan,51.4,63.7,90.7,23.7,65.7,42.8,20.7,44.2,15.1,8.9,68.0,511,42.3,22.9,27.2,7.6,35.4,36.2,28.4,3.1,32.1,26.8,25.8,6.5,36.6,2487,511,28,5.5,37.6,88.7,13.2,0.277,0.419,0.335,0.346,,138,584.079,2544.51,1103.8,289.187,587,163,34,3,14,47,,245,81.0,27.0,362,40,3,1,ST-LOUIS,13.835
Willson Contreras,48.2,71.2,77.8,29.9,36.4,41.7,41.9,49.8,35.0,7.8,78.7,205,42.4,24.4,23.9,9.3,36.6,34.6,28.8,2.4,28.8,22.9,27.8,6.8,32.7,1382,205,23,11.2,46.8,91.6,14.2,0.258,0.455,0.365,0.447,,138,362.522,1365.73,558.1,225.219,301,79,17,0,15,45,,141,51.0,27.1,345,43,4,0,ST-LOUIS,13.915
Thomas Saggese,55.0,64.4,86.6,41.2,60.0,49.7,34.6,54.0,22.5,7.4,78.6,35,37.1,31.4,25.7,5.7,17.1,40.0,42.9,11.4,20.0,31.4,28.6,5.7,45.7,189,35,1,2.9,25.7,85.7,11.3,0.204,0.315,0.25,0.312,,138,202.834,241.81,81.2,145.474,49,10,2,0,1,2,,15,4.0,27.9,216,65,0,0,ST-LOUIS,14.2
Victor Scott II,51.4,70.5,82.0,29.3,43.2,45.2,45.2,50.5,26.1,9.2,75.0,105,46.7,23.8,21.9,7.6,42.9,36.2,21.0,8.6,35.2,27.6,16.2,6.7,33.3,568,105,6,5.7,33.3,88.4,12.1,0.205,0.309,0.246,0.309,,138,262.854,610.55,243.9,171.808,145,26,9,0,2,6,,41,9.0,30.0,7,99,26,2,ST-LOUIS,15.246
Nolan Gorman,51.1,70.8,70.7,30.3,37.7,45.2,39.9,51.0,38.7,6.6,80.0,216,31.9,38.9,21.8,7.4,40.3,42.6,17.1,4.6,22.7,30.6,19.9,5.1,40.3,1596,216,36,16.7,38.6,88.5,20.3,0.209,0.433,0.307,0.463,,138,364.318,1548.52,630.0,232.35,365,74,15,0,19,34,,146,40.0,26.2,476,22,1,1,ST-LOUIS,13.407
Iván Herrera,51.0,60.0,84.2,26.6,54.1,41.1,28.6,43.6,24.8,8.5,71.6,178,43.8,21.3,30.3,4.5,34.8,38.8,26.4,2.8,35.4,16.9,28.7,6.7,38.2,1036,178,16,9.0,42.1,89.3,9.2,0.293,0.453,0.366,0.426,,138,328.234,1055.34,435.4,202.978,229,69,12,1,5,25,,98,36.0,27.3,322,47,3,1,ST-LOUIS,14.016
Nolan Arenado,49.6,63.9,90.2,30.0,67.3,42.2,26.9,46.8,17.2,7.8,72.4,493,39.4,23.5,27.8,9.3,44.2,37.3,18.5,4.5,28.2,30.6,28.2,5.1,35.9,2452,493,16,3.2,31.6,86.3,16.9,0.255,0.356,0.296,0.313,,138,566.719,2502.63,1080.7,280.7,578,157,23,0,16,44,,228,74.0,25.3,552,9,2,0,ST-LOUIS,12.946
Lars Nootbaar,51.2,56.5,86.7,16.9,61.3,42.4,16.1,37.2,19.0,7.8,66.7,273,51.6,19.0,24.2,5.1,34.8,42.1,23.1,3.3,37.0,19.0,22.7,8.1,32.2,1659,273,27,9.9,49.5,91.8,6.0,0.264,0.455,0.355,0.395,,138,406.398,1641.14,688.8,232.659,348,85,18,3,12,52,,145,50.0,27.0,367,40,4,4,ST-LOUIS,13.855
Michael Siani,55.1,64.8,74.6,29.2,50.9,43.1,32.0,48.9,29.5,8.5,77.1,218,61.0,15.1,21.1,2.8,33.5,35.8,30.7,16.1,39.0,16.1,22.9,2.3,32.6,1289,218,5,2.3,22.6,84.4,5.1,0.205,0.265,0.243,0.299,,138,338.224,1299.95,539.3,190.298,298,68,7,2,2,21,,85,24.0,28.3,144,76,0,0,ST-LOUIS,14.393
Alec Burleson,49.4,77.6,86.5,34.5,68.0,41.7,42.5,55.7,19.2,7.3,84.5,478,42.5,25.5,25.5,6.5,33.5,38.7,27.8,3.1,30.1,26.2,26.6,7.1,34.3,2117,478,31,6.5,41.7,89.7,13.6,0.273,0.435,0.329,0.351,,138,572.856,2223.51,969.7,292.852,547,147,20,0,21,35,,230,72.0,25.5,544,10,4,0,ST-LOUIS,13.079
José Fermín,55.9,55.2,92.0,21.7,77.4,46.9,13.9,40.4,10.7,8.0,69.2,60,61.7,15.0,13.3,10.0,46.7,36.7,16.7,10.0,45.0,23.3,16.7,5.0,15.0,324,60,0,0.0,25.0,85.4,8.3,0.201,0.246,0.246,0.232,,138,203.551,359.32,139.2,131.371,71,11,1,1,0,7,,14,3.0,28.9,65,89,1,0,ST-LOUIS,14.696
Jordan Walker,47.8,68.4,83.1,32.4,39.8,41.0,34.8,49.6,31.6,6.7,75.6,116,50.0,26.7,18.1,5.2,38.8,39.7,21.6,1.7,34.5,26.7,23.3,4.3,29.3,669,116,11,9.5,43.1,91.2,9.4,0.211,0.363,0.278,0.355,,138,289.58,706.66,281.9,193.647,164,33,10,1,5,10,,60,15.0,28.4,134,78,3,2,ST-LOUIS,14.478
Masyn Winn,51.5,62.7,86.1,30.4,67.6,42.3,28.1,47.0,19.0,8.5,70.5,486,41.2,24.3,26.5,8.0,32.7,37.2,30.0,5.6,30.2,28.2,25.7,6.4,33.5,2558,486,18,3.7,32.7,87.0,13.2,0.256,0.358,0.293,0.326,,138,562.48,2580.59,1107.6,280.422,587,157,32,5,15,41,,244,77.0,28.8,82,87,6,5,ST-LOUIS,14.693
Pedro Pagés,50.7,66.4,83.4,35.0,53.8,40.7,34.4,51.0,26.1,8.6,70.8,147,42.9,24.5,27.2,5.4,34.0,41.5,24.5,2.0,34.0,25.9,23.8,8.2,32.0,849,147,7,4.8,40.4,89.0,11.8,0.224,0.347,0.279,0.354,,138,308.562,880.07,357.6,194.522,202,48,3,2,7,13,,76,22.0,25.9,506,17,0,0,ST-LOUIS,13.229
Curtis Mead,45.1,71.4,82.2,36.7,67.4,46.0,37.9,52.4,23.5,6.8,78.1,93,35.5,19.4,34.4,10.8,37.6,28.0,34.4,3.2,31.2,28.0,23.7,9.7,36.6,471,93,4,4.3,36.6,88.8,16.3,0.24,0.349,0.28,0.334,,139,255.966,523.48,206.4,170.144,122,29,3,0,1,6,,35,10.0,26.9,370,39,4,1,TAMPA-BAY,13.73
Jonathan Aranda,51.7,63.9,83.6,25.6,63.4,43.8,34.3,45.4,21.9,8.6,83.7,97,49.5,30.9,15.5,4.1,48.5,32.0,19.6,1.0,35.1,18.6,20.6,8.2,34.0,573,97,16,16.5,48.5,91.9,11.0,0.257,0.518,0.362,0.434,,139,267.261,602.26,239.8,189.046,128,30,7,0,6,12,,55,16.0,25.8,523,14,0,1,TAMPA-BAY,13.262
Ben Rortvedt,48.9,58.9,81.6,27.8,53.4,43.2,21.3,43.0,26.7,7.4,69.3,202,47.0,20.8,24.8,7.4,31.7,39.6,28.7,4.5,34.7,26.7,27.2,3.0,30.2,1357,202,7,3.5,30.7,86.2,11.9,0.202,0.287,0.267,0.303,,139,334.842,1337.06,548.5,195.918,290,66,13,0,3,34,,88,27.0,25.6,530,13,0,0,TAMPA-BAY,13.067
José Caballero,47.3,66.7,81.3,35.0,50.4,40.8,35.9,50.0,28.9,7.5,74.6,314,42.4,21.7,24.8,11.1,49.4,36.3,14.3,13.4,25.5,28.0,22.6,4.8,33.8,1894,314,16,5.1,25.2,83.7,15.9,0.214,0.311,0.264,0.328,,139,422.273,1884.08,788.0,229.57,441,100,24,1,9,27,,153,42.0,28.3,154,75,33,8,TAMPA-BAY,14.414
Christopher Morel,48.9,68.8,72.7,26.2,48.9,44.1,41.3,47.0,34.1,7.4,81.7,381,45.1,25.2,17.6,12.1,45.7,37.5,16.8,2.6,34.1,26.5,21.8,4.5,27.6,2352,381,39,10.2,40.4,89.2,14.2,0.225,0.399,0.316,0.381,,139,491.972,2314.17,972.3,269.029,535,105,11,3,21,61,,185,52.0,27.3,310,49,6,2,TAMPA-BAY,13.966
Taylor Walls,50.7,69.3,80.3,20.3,52.4,42.3,38.9,45.1,25.0,9.4,86.6,154,37.0,29.9,21.4,11.7,40.3,36.4,23.4,3.9,31.2,36.4,20.1,5.2,29.9,1028,154,5,3.2,24.0,86.1,18.2,0.184,0.259,0.252,0.274,,139,285.296,1022.04,416.2,171.773,218,40,5,3,1,31,,54,15.0,27.8,230,62,13,6,TAMPA-BAY,14.152
Junior Caminero,44.4,63.1,77.8,35.4,54.8,42.6,26.1,47.7,31.7,5.9,56.8,127,48.8,21.3,17.3,12.6,32.3,40.9,26.8,5.5,39.4,22.8,16.5,3.1,25.2,629,127,15,11.8,45.7,89.7,6.8,0.238,0.405,0.301,0.36,,139,299.344,685.62,277.6,201.564,165,41,9,1,6,11,,70,21.0,26.4,454,25,5,1,TAMPA-BAY,13.501
Brandon Lowe,49.5,80.3,76.2,30.7,44.0,43.3,49.9,55.3,32.7,7.3,93.2,275,36.4,31.6,26.2,5.8,44.0,38.2,17.8,4.0,25.5,25.5,25.8,6.9,39.6,1624,275,34,12.4,44.7,89.8,14.5,0.252,0.482,0.343,0.437,,139,416.957,1629.17,679.7,245.284,385,94,19,3,21,33,,182,55.0,27.2,333,45,3,1,TAMPA-BAY,13.943
Josh Lowe,50.3,69.5,73.7,33.3,54.9,44.1,30.3,51.6,31.9,6.9,79.1,232,35.8,29.3,27.6,7.3,34.1,32.8,33.2,0.9,27.2,29.3,25.9,6.5,37.9,1672,232,24,10.3,46.1,90.8,16.9,0.228,0.388,0.295,0.403,,139,380.385,1623.89,664.0,231.479,353,85,19,2,10,32,,138,42.0,28.4,127,79,6,3,TAMPA-BAY,14.495
Jonny DeLuca,47.7,71.5,82.3,37.8,62.8,42.7,42.3,53.8,24.0,6.7,83.3,257,38.5,21.4,25.3,14.8,40.5,35.8,23.7,5.8,29.2,30.4,26.1,4.7,32.7,1345,257,10,3.9,28.0,84.6,16.2,0.23,0.318,0.272,0.309,,139,379.637,1387.51,583.4,212.986,332,72,12,4,6,24,,110,30.0,29.8,11,98,4,0,TAMPA-BAY,15.172
Yandy Díaz,51.1,64.0,89.7,22.8,74.5,44.1,24.5,43.9,14.2,7.5,76.6,472,55.5,17.8,21.2,5.5,26.5,43.0,30.5,1.9,42.6,17.6,24.4,5.3,28.4,2460,472,36,7.6,48.7,92.2,5.0,0.277,0.423,0.336,0.363,,139,567.919,2482.84,1068.4,290.281,563,158,31,1,14,50,,233,79.0,25.4,548,10,3,0,TAMPA-BAY,13.036
Richie Palacios,49.1,70.7,81.8,23.5,55.6,44.3,38.0,46.7,24.7,7.3,76.6,198,37.9,19.7,30.3,12.1,47.0,34.3,18.7,3.5,31.3,27.3,29.3,4.5,36.4,1281,198,7,3.5,30.3,86.2,14.0,0.249,0.342,0.325,0.346,,139,328.234,1270.33,522.9,189.808,264,59,8,1,5,45,,84,28.0,27.9,217,64,1,0,TAMPA-BAY,14.275
Josh Jung,49.2,68.9,76.6,35.5,52.0,41.1,43.6,51.9,31.9,7.6,71.7,131,42.7,29.0,23.7,4.6,29.8,39.7,30.5,7.6,29.0,21.4,27.5,4.6,38.2,693,131,13,9.9,39.7,86.2,12.2,0.241,0.397,0.292,0.371,,140,294.587,741.31,299.6,194.897,178,47,5,1,7,8,,75,22.0,27.3,313,48,4,1,TEXAS,13.942
Wyatt Langford,48.0,64.3,83.2,23.0,61.5,42.1,27.8,42.8,22.9,8.3,71.7,387,40.1,28.9,22.0,9.0,44.7,33.3,22.0,4.1,28.4,27.9,23.0,6.5,31.3,2256,387,36,9.3,43.4,89.6,16.6,0.257,0.427,0.331,0.382,,140,492.331,2237.82,947.7,264.474,499,126,25,4,16,51,,207,67.0,29.8,13,98,15,4,TEXAS,15.231
Marcus Semien,48.9,75.9,88.1,25.2,56.0,43.1,35.6,50.0,20.2,8.2,92.1,546,39.6,30.0,22.5,7.9,46.0,33.7,20.3,4.8,26.7,31.1,25.5,4.8,33.0,2626,546,36,6.6,35.2,87.4,17.0,0.251,0.391,0.313,0.328,,140,613.216,2694.71,1170.0,301.372,650,154,27,2,23,64,,254,78.0,28.5,115,81,9,1,TEXAS,14.563
Jonathan Ornelas,54.0,61.4,85.2,28.0,33.3,39.9,25.0,46.0,29.3,8.6,71.4,25,68.0,4.0,28.0,0.0,24.0,44.0,32.0,4.0,48.0,8.0,32.0,8.0,24.0,163,25,0,0.0,56.0,94.3,0.9,0.227,0.277,0.244,0.339,,140,229.234,207.23,66.4,165.079,37,8,2,0,0,2,,10,3.0,27.3,321,47,0,0,TEXAS,13.894
Justin Foscue,49.7,67.7,84.1,31.9,46.7,40.1,31.8,49.7,28.0,10.2,89.5,24,33.3,33.3,16.7,16.7,41.7,33.3,25.0,4.2,25.0,54.2,12.5,0.0,29.2,187,24,1,4.2,16.7,86.9,26.9,0.102,0.144,0.133,0.186,,140,181.662,227.14,72.9,137.06,42,2,1,0,0,2,,3,0.0,26.7,411,32,0,0,TEXAS,13.483
Leody Taveras,48.9,69.5,81.8,29.0,52.7,43.6,37.1,48.8,26.2,7.2,79.9,375,41.1,27.2,23.2,8.5,29.9,37.3,32.8,2.9,30.1,30.1,24.5,5.3,31.5,2008,375,22,5.9,35.5,89.0,14.7,0.24,0.368,0.295,0.34,,140,481.596,2032.31,864.9,256.361,480,110,17,3,12,42,,169,49.0,28.5,118,81,6,1,TEXAS,14.545
Josh Smith,51.7,66.9,84.0,25.9,58.1,43.7,33.0,47.1,21.8,8.1,77.1,407,39.6,29.0,25.3,6.1,43.7,35.9,20.4,6.1,26.5,30.7,27.3,5.7,33.7,2327,407,15,3.7,37.1,87.8,15.4,0.242,0.352,0.304,0.333,,140,503.348,2315.94,983.0,260.087,523,135,30,1,13,46,,206,66.0,27.6,253,58,9,3,TEXAS,14.104
Ezequiel Duran,49.2,74.0,84.5,39.3,54.5,42.5,48.1,56.4,24.7,6.5,77.3,206,47.6,24.3,21.4,6.8,29.1,40.3,30.6,3.9,38.3,28.2,19.9,6.3,28.2,1011,206,7,3.4,35.9,87.1,8.9,0.215,0.309,0.252,0.295,,140,352.604,1071.1,447.5,205.958,268,66,11,0,3,14,,86,24.0,28.8,77,87,4,0,TEXAS,14.652
Adolis García,44.8,74.9,75.1,33.6,48.5,40.9,41.6,52.1,34.3,7.4,84.0,409,38.9,31.3,22.0,7.8,34.7,35.5,29.8,2.4,28.1,27.6,22.5,6.6,33.7,2534,409,51,12.5,48.2,91.0,15.0,0.227,0.413,0.306,0.393,,140,528.394,2492.66,1046.5,290.482,580,130,27,0,25,45,,232,65.0,26.8,388,36,10,3,TEXAS,13.706
Jonah Heim,50.2,76.3,85.6,32.1,64.2,44.5,38.7,54.3,20.7,8.1,82.6,371,41.8,27.5,22.6,8.1,38.3,36.9,24.8,3.8,31.3,28.8,24.0,5.9,29.9,1781,371,22,5.9,36.4,88.5,14.5,0.228,0.356,0.277,0.311,,140,479.525,1846.95,794.0,254.1,459,101,12,1,13,26,,154,40.0,25.3,558,8,3,0,TEXAS,12.927
Evan Carter,52.5,56.0,83.8,18.5,50.9,44.4,26.5,38.3,23.4,8.5,76.4,102,40.2,29.4,20.6,9.8,41.2,34.3,24.5,4.9,29.4,31.4,22.5,5.9,33.3,648,102,6,5.9,32.4,86.0,13.9,0.208,0.332,0.281,0.331,,140,247.737,663.71,265.8,161.759,144,27,6,2,5,15,,52,14.0,29.7,17,97,12,2,TEXAS,15.131
Corey Seager,48.8,79.5,86.5,27.8,49.8,43.6,50.5,53.0,23.4,7.1,90.2,381,40.9,31.2,24.7,3.1,40.7,37.3,22.0,1.8,28.1,22.0,22.6,9.7,38.6,1872,381,58,15.2,50.7,92.1,13.5,0.289,0.561,0.39,0.453,,140,504.94,1929.45,828.3,279.605,475,132,21,0,30,53,,243,85.0,25.3,553,9,1,0,TEXAS,13.04
Bo Bichette,49.1,76.3,88.6,37.1,57.2,43.8,43.0,56.4,22.0,7.6,82.0,249,47.0,17.7,30.9,4.4,26.9,36.5,36.5,4.0,36.9,20.5,25.3,7.2,31.3,1186,249,11,4.4,43.5,89.2,7.2,0.255,0.375,0.303,0.347,,141,393.56,1252.7,530.1,222.988,311,70,16,1,4,20,,100,27.0,27.3,312,49,4,3,TORONTO,13.953
Davis Schneider,47.8,64.0,77.5,22.9,48.5,40.8,27.1,42.5,30.6,7.8,80.5,258,29.8,39.9,22.1,8.1,46.1,27.1,26.7,3.5,19.4,35.7,22.9,6.6,38.0,1974,258,31,12.0,38.0,88.6,21.4,0.198,0.358,0.292,0.374,,141,383.298,1885.85,772.8,226.152,397,76,19,1,13,47,,136,38.0,27.2,332,45,0,1,TORONTO,13.892
Nathan Lukes,50.0,73.0,86.9,29.8,77.4,41.6,34.1,51.4,14.8,9.6,88.2,72,44.4,23.6,25.0,6.9,29.2,26.4,44.4,5.6,31.9,26.4,26.4,4.2,36.1,356,72,3,4.2,27.8,88.9,13.6,0.284,0.389,0.326,0.316,,141,222.896,403.78,157.2,147.56,76,23,4,2,1,10,,34,13.0,27.0,368,39,1,2,TORONTO,13.826
Daulton Varsho,49.1,70.3,79.3,25.9,55.0,45.8,33.6,47.6,27.0,7.0,81.7,324,33.0,30.6,18.2,18.2,47.5,29.0,23.5,9.9,19.8,36.1,19.1,9.0,30.2,2048,324,20,6.2,34.0,86.1,24.4,0.186,0.316,0.261,0.304,,141,432.237,2011.74,841.2,236.524,459,98,21,7,18,48,,187,54.0,28.5,124,80,1,0,TORONTO,14.511
Joey Loperfido,49.6,72.8,76.2,32.4,37.8,43.8,43.1,52.4,35.4,8.2,75.6,150,41.3,27.3,26.0,5.3,48.7,29.3,22.0,3.3,32.0,24.7,30.7,5.3,40.7,1003,150,6,4.0,34.7,88.3,12.9,0.204,0.311,0.254,0.365,,141,303.274,1008.82,405.9,188.34,243,52,13,4,4,13,,85,22.0,28.8,76,88,1,0,TORONTO,14.654
Alejandro Kirk,48.9,65.7,90.2,28.3,71.3,42.7,31.7,46.6,15.7,7.0,76.2,298,46.0,19.1,25.8,9.1,29.9,38.6,31.5,4.0,35.9,20.8,25.2,7.0,34.6,1495,298,20,6.7,40.9,89.4,10.8,0.257,0.392,0.324,0.335,,141,421.321,1540.61,657.1,232.433,340,86,19,1,5,35,,122,39.0,24.7,582,4,0,0,TORONTO,12.674
Will Wagner,50.0,65.9,92.5,28.0,52.9,47.5,23.3,47.0,19.3,6.9,88.0,66,50.0,15.2,33.3,1.5,36.4,42.4,21.2,6.1,34.8,9.1,33.3,7.6,39.4,364,66,6,9.1,50.0,90.6,5.1,0.321,0.488,0.364,0.433,,141,249.979,405.94,155.4,174.899,82,25,6,0,2,4,,37,12.0,26.4,453,25,1,0,TORONTO,13.564
Ernie Clement,51.2,70.1,90.0,43.3,76.8,45.2,41.8,57.0,14.4,6.7,75.3,397,38.8,27.2,24.4,9.6,42.6,37.0,20.4,6.5,27.7,32.0,24.4,5.3,34.3,1449,397,15,3.8,24.9,85.5,16.3,0.252,0.373,0.282,0.298,,141,488.687,1610.06,712.6,251.546,434,114,21,3,12,11,,177,50.0,28.4,132,78,3,3,TORONTO,14.482
Addison Barger,50.3,61.0,80.3,31.4,56.0,42.2,29.8,46.3,27.6,8.0,63.8,149,43.0,26.8,20.8,9.4,37.6,33.6,28.9,6.0,30.2,24.8,23.5,5.4,32.9,860,149,13,8.7,38.3,88.3,12.1,0.228,0.387,0.291,0.369,,141,301.505,888.66,362.3,192.768,208,41,11,0,7,14,,73,18.0,28.0,197,68,3,1,TORONTO,14.291
George Springer,51.6,73.0,81.4,23.5,52.7,43.4,39.9,49.1,25.3,6.6,87.5,432,49.8,22.2,22.2,5.8,37.0,40.7,22.2,6.5,36.3,21.3,21.5,4.4,29.2,2304,432,40,9.3,37.4,87.5,9.4,0.244,0.402,0.322,0.351,,141,526.7,2323.18,993.6,273.932,545,120,19,3,19,60,,202,60.0,28.1,172,72,12,0,TORONTO,14.372
Leo Jiménez,50.5,64.3,80.0,27.9,55.6,41.2,21.9,46.3,27.0,8.7,70.3,123,41.5,23.6,29.3,5.7,35.0,35.8,29.3,6.5,27.6,23.6,26.8,7.3,40.7,847,123,10,8.1,33.3,87.6,12.3,0.228,0.361,0.311,0.37,,141,274.555,850.48,340.2,178.745,179,41,11,0,4,12,,64,18.0,28.0,198,67,0,0,TORONTO,14.311
Jonatan Clase,47.9,73.4,79.8,29.5,53.7,43.4,39.4,50.6,25.2,4.5,91.7,44,36.4,38.6,20.5,4.5,34.1,47.7,18.2,4.5,27.3,40.9,20.5,6.8,27.3,267,44,0,0.0,29.5,87.9,15.1,0.169,0.243,0.217,0.245,,141,213.952,308.25,110.9,149.509,61,15,2,0,1,3,,20,6.0,30.0,5,99,3,1,TORONTO,15.217
Vladimir Guerrero Jr.,49.9,68.6,84.9,27.5,62.7,41.2,27.4,48.0,21.5,7.7,79.5,524,47.7,21.2,26.9,4.2,33.6,41.8,24.6,2.9,34.7,18.1,23.9,6.3,35.1,2602,524,72,13.7,54.9,93.8,7.4,0.321,0.567,0.408,0.448,,141,622.609,2653.94,1147.4,324.43,616,199,44,1,30,72,,335,132.0,27.2,331,46,5,2,TORONTO,14.008
Johan Rojas,50.4,61.8,81.4,35.5,62.0,45.1,32.2,48.8,22.7,6.8,63.7,277,59.2,17.0,15.9,7.9,35.7,41.5,22.7,10.1,44.4,19.9,19.5,3.6,22.0,1329,277,7,2.5,27.4,85.7,4.8,0.225,0.292,0.25,0.285,,143,393.943,1391.76,592.6,214.913,338,82,12,3,3,13,,109,30.0,30.1,2,100,12,2,PHILADELPHIA,15.3
J.T. Realmuto,51.7,69.4,82.4,30.2,52.8,42.3,34.0,50.5,26.2,7.8,78.2,279,44.8,21.5,27.6,6.1,38.7,36.2,25.1,5.7,33.0,17.2,23.7,9.7,36.9,1583,279,29,10.4,46.6,89.2,9.4,0.268,0.459,0.339,0.424,,143,416.381,1597.02,670.2,239.733,380,101,18,1,14,27,,163,51.0,28.4,131,79,6,2,PHILADELPHIA,14.539
Nick Castellanos,49.1,79.0,80.6,37.8,48.1,42.7,51.1,58.0,30.1,6.6,86.5,469,38.4,30.5,26.9,4.3,37.5,37.7,24.7,2.8,25.4,27.3,29.4,6.8,39.0,2344,469,38,8.1,38.2,88.4,15.2,0.271,0.441,0.333,0.395,,143,567.544,2402.17,1031.5,295.227,606,154,30,4,23,41,,261,79.0,27.4,294,52,4,0,PHILADELPHIA,14.033
Rafael Marchán,55.9,62.4,91.2,25.6,63.6,43.6,26.8,46.2,15.6,8.7,70.6,44,31.8,29.5,34.1,4.5,36.4,31.8,31.8,4.5,15.9,29.5,40.9,0.0,47.7,195,44,4,9.1,31.8,86.2,16.7,0.336,0.52,0.393,0.438,,143,202.362,245.08,89.3,146.878,51,15,4,0,3,3,,28,9.0,26.1,485,20,0,0,PHILADELPHIA,13.443
Brandon Marsh,46.6,61.4,83.5,23.7,46.1,43.9,22.7,41.3,27.5,7.4,70.3,270,39.3,28.5,28.5,3.7,37.4,32.6,30.0,2.6,27.0,21.1,27.4,11.9,40.7,2007,270,27,10.0,47.4,91.6,13.8,0.236,0.406,0.324,0.439,,143,406.452,1924.04,791.1,236.185,418,104,17,3,16,50,,175,58.0,28.2,157,74,5,1,PHILADELPHIA,14.424
Alec Bohm,51.2,71.1,89.5,27.2,62.8,43.5,37.9,49.7,17.6,6.9,89.0,474,46.4,23.4,25.7,4.4,34.2,37.6,28.3,2.3,35.2,20.5,25.7,9.1,35.2,2122,474,32,6.8,45.6,90.4,10.1,0.288,0.444,0.342,0.372,,143,568.609,2219.01,968.4,289.63,554,155,44,2,15,40,,248,81.0,26.3,467,23,2,0,PHILADELPHIA,13.492
Weston Wilson,48.0,65.9,79.2,27.4,37.0,40.1,27.6,45.9,33.9,7.1,74.1,60,33.3,23.3,26.7,16.7,40.0,28.3,31.7,8.3,18.3,25.0,20.0,11.7,35.0,379,60,9,15.0,50.0,89.7,19.1,0.224,0.417,0.312,0.407,,143,243.292,416.28,155.7,183.865,88,25,7,1,3,8,,43,15.0,28.1,168,72,0,1,PHILADELPHIA,14.362
Kody Clemens,52.1,63.5,79.4,33.5,64.0,42.3,18.3,49.1,25.7,7.7,66.7,85,37.6,36.5,16.5,9.4,42.4,37.6,20.0,2.4,25.9,37.6,18.8,8.2,30.6,468,85,6,7.1,42.4,89.4,19.2,0.192,0.345,0.251,0.306,,143,256.883,511.23,199.9,179.81,114,25,9,1,5,5,,51,13.0,27.7,238,61,0,0,PHILADELPHIA,14.101
Trea Turner,48.5,74.8,85.8,33.9,49.0,41.3,39.1,53.7,26.1,7.8,82.5,408,47.1,26.5,21.3,5.1,43.6,33.8,22.5,2.7,35.5,25.5,23.5,5.6,30.9,2043,408,28,6.9,40.7,89.1,11.5,0.264,0.419,0.318,0.364,,143,516.538,2097.04,898.5,271.577,505,149,25,0,21,27,,237,78.0,29.6,23,96,25,6,PHILADELPHIA,15.118
Bryson Stott,50.5,59.6,86.3,28.3,74.4,43.3,20.5,44.1,17.0,8.0,66.3,422,43.1,25.8,23.7,7.3,32.2,37.2,30.6,2.8,30.6,30.3,27.3,5.2,35.3,2307,422,15,3.6,30.8,87.0,14.0,0.254,0.363,0.306,0.324,,143,506.569,2313.47,987.5,257.797,506,124,19,2,11,53,,180,57.0,29.1,53,91,15,3,PHILADELPHIA,14.856
Kyle Schwarber,47.9,60.6,76.3,20.9,45.7,41.6,27.1,39.9,32.0,6.8,74.1,384,40.9,28.6,22.7,7.8,48.4,35.2,16.4,2.6,27.1,24.2,23.2,7.3,31.8,2852,384,60,15.6,55.5,93.6,15.0,0.256,0.512,0.38,0.489,,143,507.19,2713.37,1124.4,286.211,573,142,22,0,38,106,,278,102.0,25.8,513,15,9,2,PHILADELPHIA,13.28
Bryce Harper,43.3,78.2,84.9,33.4,52.4,39.6,47.4,52.9,26.7,6.2,86.3,415,38.6,30.4,27.0,4.1,34.2,34.5,31.3,2.7,26.5,24.6,25.5,9.6,36.1,2469,415,44,10.6,48.2,91.1,13.5,0.267,0.474,0.357,0.423,,143,531.84,2445.05,1031.2,285.757,550,157,42,0,30,76,,289,108.0,27.4,299,51,9,0,PHILADELPHIA,14.057
Cal Stevenson,51.0,51.9,81.5,22.0,81.8,41.2,18.5,37.3,15.8,13.7,64.3,20,40.0,35.0,25.0,0.0,40.0,25.0,35.0,5.0,35.0,30.0,20.0,0.0,25.0,102,20,2,10.0,25.0,85.6,12.2,0.239,0.378,0.312,0.318,,143,166.445,141.99,44.6,128.82,24,6,3,0,0,3,,9,3.0,27.5,291,52,0,0,PHILADELPHIA,14.062
Buddy Kennedy,49.2,58.5,89.5,20.9,57.1,45.5,7.7,39.4,19.2,7.6,70.0,15,33.3,26.7,40.0,0.0,33.3,53.3,13.3,6.7,26.7,13.3,33.3,6.7,60.0,132,15,2,13.3,53.3,88.8,12.6,0.298,0.462,0.398,0.507,,143,209.568,164.4,50.1,168.166,21,4,1,0,1,4,,8,3.0,28.9,67,89,0,0,PHILADELPHIA,14.848
Edmundo Sosa,46.9,75.2,79.7,40.5,49.6,39.7,35.8,56.8,31.4,6.1,81.3,186,45.7,25.8,20.4,8.1,38.7,35.5,25.8,4.8,30.1,25.8,25.8,4.3,28.5,1050,186,16,8.6,41.4,89.2,12.8,0.243,0.387,0.305,0.369,,143,345.099,1085.41,445.2,214.298,249,64,12,4,7,13,,105,31.0,29.2,49,92,0,0,PHILADELPHIA,14.905
Trent Grisham,54.3,56.9,79.9,13.8,48.1,42.0,17.2,37.2,23.3,10.1,72.1,125,40.0,38.4,12.8,8.8,45.6,34.4,20.0,6.4,26.4,32.0,16.0,7.2,25.6,854,125,15,12.0,46.4,90.6,20.0,0.199,0.385,0.302,0.362,,147,279.989,848.42,343.7,188.696,179,34,8,0,9,22,,69,19.0,26.9,385,37,0,1,NY-YANKEES,13.752
DJ LeMahieu,51.1,59.5,91.1,29.1,62.5,42.1,21.1,44.6,17.5,9.0,65.8,173,57.8,18.5,20.8,2.9,29.5,43.9,26.6,2.9,45.1,16.2,22.5,7.5,31.8,845,173,10,5.8,37.6,88.5,1.9,0.244,0.365,0.299,0.315,,147,320.01,896.47,374.6,191.488,201,41,5,0,2,19,,52,14.0,26.1,484,20,0,0,NY-YANKEES,13.349
Austin Wells,49.9,73.2,79.9,25.5,51.2,42.2,33.8,49.3,27.3,7.3,83.2,275,37.5,29.1,24.7,8.7,37.8,33.5,28.7,5.5,24.4,30.2,23.3,7.3,34.5,1638,275,25,9.1,38.9,88.4,17.1,0.242,0.429,0.339,0.38,,147,402.138,1635.1,683.9,229.916,354,81,18,1,13,47,,140,45.0,26.7,419,31,3,1,NY-YANKEES,13.689
Ben Rice,48.5,72.9,82.4,20.6,46.8,42.7,32.0,46.0,25.8,9.5,84.1,109,35.8,33.0,22.9,8.3,47.7,30.3,22.0,1.8,26.6,30.3,23.9,1.8,34.9,724,109,17,15.6,36.7,90.0,17.7,0.235,0.459,0.34,0.422,,147,264.312,735.17,293.5,181.703,152,26,6,0,7,20,,53,14.0,27.5,293,52,3,2,NY-YANKEES,14.09
Giancarlo Stanton,48.2,63.6,74.9,31.0,48.0,43.0,24.3,46.8,34.4,5.9,72.2,276,38.8,25.4,24.3,11.6,39.5,39.5,21.0,4.0,27.2,22.8,17.8,6.5,34.8,1831,276,57,20.7,55.3,94.6,14.7,0.249,0.509,0.352,0.489,,147,429.674,1794.84,742.5,267.328,417,97,20,0,27,38,,198,59.0,24.6,585,4,0,0,NY-YANKEES,12.652
Anthony Volpe,52.0,65.4,82.4,29.3,61.8,43.5,23.3,48.1,22.6,8.3,73.6,486,50.6,21.6,23.3,4.5,30.2,41.2,28.6,4.7,36.8,21.0,27.4,5.6,33.3,2797,486,19,3.9,35.4,87.7,8.4,0.238,0.332,0.278,0.329,,147,568.294,2772.57,1179.3,284.659,637,155,27,7,12,42,,232,67.0,28.6,101,84,10,7,NY-YANKEES,14.578
Aaron Judge,47.9,67.4,77.3,18.7,42.7,41.1,31.0,42.0,30.7,7.0,81.1,390,31.5,38.7,25.9,4.1,40.3,34.1,25.6,1.3,20.3,22.8,19.7,8.5,40.8,2885,390,105,26.9,61.0,96.2,19.0,0.31,0.723,0.479,0.623,,147,518.699,2744.9,1138.5,304.731,559,180,36,1,58,133,,392,177.0,26.8,389,36,6,3,NY-YANKEES,13.879
Jasson Domínguez,48.9,71.4,85.3,28.1,56.4,45.6,49.3,49.3,23.4,7.0,73.7,37,62.2,13.5,16.2,8.1,48.6,32.4,18.9,2.7,56.8,13.5,13.5,2.7,24.3,278,37,4,10.8,45.9,89.4,5.1,0.205,0.338,0.309,0.354,,147,219.185,309.35,109.3,161.744,56,10,1,0,2,11,,17,5.0,27.8,220,64,14,2,NY-YANKEES,14.209
Jazz Chisholm Jr.,48.4,67.1,75.2,29.2,55.7,42.3,32.5,47.5,29.3,7.6,76.7,412,49.8,25.0,18.9,6.3,41.3,41.3,17.5,5.8,35.2,20.6,22.3,5.8,29.6,2495,412,40,9.7,41.1,89.7,11.4,0.24,0.415,0.316,0.386,,147,518.386,2459.0,1036.9,278.534,562,144,21,4,24,53,,245,78.0,28.6,107,83,10,4,NY-YANKEES,14.616
Oswaldo Cabrera,47.4,68.1,89.0,29.6,61.9,44.0,22.1,47.8,18.8,7.2,70.3,241,44.0,23.2,25.3,7.5,36.5,40.7,22.8,1.7,34.0,26.1,28.6,5.8,34.0,1267,241,9,3.7,34.9,88.2,12.5,0.248,0.334,0.285,0.322,,147,372.343,1303.41,548.8,210.191,299,74,11,0,8,21,,109,32.0,27.4,295,51,0,1,NY-YANKEES,13.985
